file,begin,end,speaker,overall_log_likelihood,speech_log_likelihood,phone_duration_deviation,snr
common_voice_22_0_101,0.0,3.4055,utt,-56.66593543804985,-54.16630603421119,8.95595346171014,4.523890217120632
common_voice_22_0_253,0.0,2.0843,utt,-52.99900465745192,-53.61635681152344,7.892421734519597,6.521967893527609
common_voice_22_0_220,0.0,2.3974,utt,-59.16633707682292,-56.901228728117765,7.628494553669752,6.094646440282679
common_voice_22_0_42,0.0,3.6616,utt,-59.90090292008197,-55.35706154075829,7.207847426148379,11.6357755414382
common_voice_22_0_1146,0.0,0.7449,utt,-53.114574535472975,-52.726223536900115,7.184787128428341,9.400091989183602
common_voice_22_0_665,0.0,1.5902,utt,-60.700784935141506,-59.85760180155436,6.997179484630872,7.854356126000674
common_voice_22_0_1017,0.0,1.2411,utt,-55.79704826108871,-56.58699862162272,6.865560782010102,5.144738891165857
common_voice_22_0_509,0.0,1.6475625,utt,-56.46023319128788,-59.49244520399306,6.614745628671206,24.314527556328958
common_voice_22_0_487,0.0,1.7199,utt,-55.64075558684593,-54.29823704769737,6.569650768369306,5.990954121850539
common_voice_22_0_269,0.0,2.1583,utt,-56.88309280960648,-57.061549530029296,6.523274137871826,2.7277572822986684
common_voice_22_0_211,0.0,2.2237,utt,-58.400711746903156,-57.02363659785344,6.523274137871826,8.770496810487913
common_voice_22_0_1085,0.0,0.8650625,utt,-55.61492007902299,-53.400704277886284,6.323690962494948,10.458105193367615
common_voice_22_0_112,0.0,2.538875,utt,-56.52109605684055,-55.87724501511146,6.276832005853119,7.0549652144743735
common_voice_22_0_522,0.0,3.9575,utt,-57.450545494002526,-59.98141800729852,6.276829991717047,9.456804431976265
common_voice_22_0_1152,0.0,0.7325625,utt,-58.208957619863014,-55.8817629132952,6.2630360896596695,13.104129503660499
common_voice_22_0_32,0.0,4.2700625,utt,-52.17138100117096,-52.692520247565376,6.231701556908381,12.294148494555897
common_voice_22_0_191,0.0,2.5076875,utt,-62.96283226469124,-63.094913200095846,6.18098749373355,13.70003492204243
common_voice_22_0_46,0.0,2.5389,utt,-54.51229161540354,-53.53364377408414,5.915759800348142,5.655358030246795
common_voice_22_0_137,0.0,2.0442,utt,-54.82318474264706,-54.4413333468967,5.8387008495952735,7.191922217668841
common_voice_22_0_317,0.0,1.8809,utt,-57.5841661818484,-58.70147977556501,5.838700339547941,16.800157867241218
common_voice_22_0_152,0.0,2.0965625,utt,-56.80593377976191,-56.04049623929537,5.7522716452669815,7.091076655101428
common_voice_22_0_73,0.0,2.7668,utt,-53.29836628497292,-51.610912799835205,5.719350220048741,6.038855539816039
common_voice_22_0_807,0.0,1.2464,utt,-50.45915234375,-51.68722864786784,5.666701907227821,10.280863110489495
common_voice_22_0_396,0.0,1.7476,utt,-53.405546875,-52.02197955903553,5.66669964510409,4.848172931257009
common_voice_22_0_434,0.0,1.7511875,utt,-48.47504464285714,-48.51874269757952,5.650203443935336,12.31359997710518
common_voice_22_0_1061,0.0,0.9571875,utt,-51.655049641927086,-52.615505599975585,5.588814316337561,13.97319338629409
common_voice_22_0_705,0.0,2.478375,utt,-54.932881016885084,-55.92617645263672,5.546085311960805,8.063073678248546
common_voice_22_0_586,0.0,1.7185625,utt,-65.56613372093024,-60.56473810532514,5.478380329393189,9.483516340300747
common_voice_22_0_390,0.0,1.940875,utt,-57.062192936533506,-54.019354502360024,5.292650598381258,3.0135570001722662
common_voice_22_0_429,0.0,1.758875,utt,-53.25093772194602,-53.7590088617234,5.287178622569426,20.567798760494245
common_voice_22_0_435,0.0,2.2346,utt,-56.487046314461885,-60.117432042172084,5.171761771924287,9.905441984289379
common_voice_22_0_213,0.0,2.6161875,utt,-57.25744349355916,-54.81546942392985,5.15412756131872,4.441304421374777
common_voice_22_0_666,0.0,1.5885625,utt,-52.498010023584904,-51.976283466114715,5.143713700914737,7.0831785719476805
common_voice_22_0_363,0.0,1.8908,utt,-55.98611627810847,-55.95410465058826,5.0947272087408315,3.4751993802533825
common_voice_22_0_641,0.0,1.5385,utt,-48.71772904829545,-46.01287482766544,5.0947272087408315,2.4921917263868387
common_voice_22_0_1008,0.0,0.9800625,utt,-52.19894471460459,-52.59760839288885,5.0947272087408315,8.733029112158277
common_voice_22_0_926,0.0,1.17,utt,-58.964697682959404,-56.6666093306108,5.094725514520461,4.1190269940313815
common_voice_22_0_593,0.0,1.5065625,utt,-52.447042503104306,-52.88535690307617,4.99701813155667,12.879267908443932
common_voice_22_0_1030,0.0,1.036,utt,-52.7601318359375,-52.045203399658206,4.981029773924077,11.229230754979648
common_voice_22_0_799,0.0,1.7548,utt,-61.524391741071426,-58.32385813395182,4.934923348316397,6.621165364246835
common_voice_22_0_1084,0.0,0.8256875,utt,-52.48682228915663,-48.826690673828125,4.893535301114789,10.08690611914156
common_voice_22_0_481,0.0,2.5341,utt,-54.63929718379447,-47.295454727975944,4.811840917180444,11.096514386073633
common_voice_22_0_714,0.0,2.9093,utt,-53.80949312714777,-53.88748526573181,4.811840917180444,8.71656362361895
common_voice_22_0_1138,0.0,0.889875,utt,-49.40523503335674,-49.76998519897461,4.81183989708578,8.791811810727278
common_voice_22_0_176,0.0,2.6845625,utt,-54.0473195545709,-55.59901390075684,4.811839259526614,11.196289836939648
common_voice_22_0_1103,0.0,2.5135625,utt,-46.42033817853586,-50.67893838882446,4.811838876991115,11.918972724762263
common_voice_22_0_293,0.0,2.0414,utt,-57.538933249080884,-56.4352969294009,4.810484468809129,8.930466078705113
common_voice_22_0_181,0.0,1.958375,utt,-50.793676259566325,-48.570046833583284,4.802386655797534,12.216640066234987
common_voice_22_0_118,0.0,2.2256875,utt,-60.00271072729821,-57.43717460632324,4.7554720937160955,6.150440020503048
common_voice_22_0_859,0.0,1.0822,utt,-56.537556966145836,-55.279914311000276,4.755470657426533,14.428209271607813
common_voice_22_0_741,0.0,1.3623,utt,-50.86110193589155,-48.927909978230794,4.755470657426533,5.048858241710143
common_voice_22_0_25,0.0,3.6107,utt,-53.767193992382275,-52.29934571006081,4.755470657426533,16.51204904299944
common_voice_22_0_24,0.0,3.7735,utt,-55.69649370026525,-54.948093838161896,4.684376137266451,11.46912670413229
common_voice_22_0_930,0.0,1.1831875,utt,-49.02979343220339,-47.01456069946289,4.616843551609037,11.07435398655949
common_voice_22_0_135,0.0,2.2251875,utt,-58.65631568806054,-57.02236352648054,4.587251806946257,30.666123141997836
common_voice_22_0_558,0.0,1.6465625,utt,-59.21831794507576,-57.79436352378443,4.587249792810185,6.535289285519333
common_voice_22_0_349,0.0,2.7891,utt,-62.39269713261649,-58.4402061809193,4.587247778674114,5.7257382792968095
common_voice_22_0_261,0.0,1.9434,utt,-56.45609999194588,-55.766637268066404,4.580842567993827,14.38909734271076
common_voice_22_0_504,0.0,2.4856,utt,-62.532399127761046,-52.088381114758946,4.539840815756831,8.740541433401035
common_voice_22_0_797,0.0,1.2459,utt,-61.76493359375,-61.46498080662319,4.536281804568467,5.571701039482122
common_voice_22_0_80,0.0,2.9716875,utt,-57.679490214646464,-56.01660988065932,4.536279910691597,8.568402291152431
common_voice_22_0_970,0.0,1.007875,utt,-47.34315536045792,-47.419792811075844,4.533615909658037,6.61052018137274
common_voice_22_0_63,0.0,2.9851875,utt,-52.00109740802676,-52.11773212977818,4.528138839623829,0.7393740756091916
common_voice_22_0_175,0.0,3.3283,utt,-62.74368313626126,-55.800444330487935,4.528129791128906,2.3444960246987243
common_voice_22_0_65,0.0,2.8024,utt,-55.135062081473215,-53.96057946341379,4.5262417288774275,8.455131367426334
common_voice_22_0_426,0.0,2.0850625,utt,-66.2004943555622,-60.338058108375186,4.514504357494887,6.871181407798065
common_voice_22_0_865,0.0,1.302,utt,-50.035843599759616,-49.42885002723107,4.469552487876505,20.971857008341683
common_voice_22_0_153,0.0,2.6893,utt,-51.79844693889405,-51.495031172229396,4.469551212758174,4.074032580536983
common_voice_22_0_1127,0.0,0.7121,utt,-54.96604726012324,-53.40022277832031,4.403165758191521,10.782521894132033
common_voice_22_0_391,0.0,1.7674,utt,-55.93415099752825,-51.88776928445567,4.381797226156037,3.7557353418581094
common_voice_22_0_1209,0.0,0.9525625,utt,-52.89722964638158,-53.20989735921224,4.328411321552354,15.092158130118849
common_voice_22_0_385,0.0,1.626875,utt,-52.6900402607362,-51.604741009798914,4.297783449711935,7.173206135971622
common_voice_22_0_164,0.0,2.5340625,utt,-60.66526293848814,-58.312410648052506,4.281032380295233,4.2048215031878655
common_voice_22_0_111,0.0,2.7090625,utt,-51.72105987661439,-50.4222349802653,4.281032380295233,9.35259121605736
common_voice_22_0_1160,0.0,0.7201875,utt,-55.624267578125,-55.62435531616211,4.281030431546431,6.9801943124578205
common_voice_22_0_416,0.0,1.680875,utt,-52.504720052083336,-51.77822360992432,4.278899659246641,14.759550901681042
common_voice_22_0_782,0.0,1.242375,utt,-57.96754111013105,-60.58707022666931,4.249334155856027,16.058639032054543
common_voice_22_0_997,0.0,0.9983,utt,-55.218076171875,-54.280662536621094,4.249334155856027,6.767450221708611
common_voice_22_0_201,0.0,2.1791875,utt,-53.26418255447248,-52.98836121735749,4.249332141719956,5.504479371826676
common_voice_22_0_552,0.0,1.8391,utt,-55.737118928328805,-55.10438749525282,4.241998988945725,2.9971171507329135
common_voice_22_0_447,0.0,2.4705625,utt,-52.058542351973685,-51.447624397277835,4.148617817089165,13.159357821068216
common_voice_22_0_1086,0.0,1.689375,utt,-42.802324103180474,-49.888799394880024,4.127267628903891,16.041930236365907
common_voice_22_0_1124,0.0,1.0008,utt,-63.5675,-55.00977039337158,4.127265652470479,12.943453833456942
common_voice_22_0_1186,0.0,0.5546875,utt,-58.76488370028409,-58.828001976013184,4.127265588714562,8.234123224033556
common_voice_22_0_761,0.0,1.1946,utt,-55.75100118172269,-57.41637665884836,4.127265588714562,6.479209923012196
common_voice_22_0_1053,0.0,0.9576,utt,-52.11061096191406,-51.63926362991333,4.127265588714562,5.532262491893627
common_voice_22_0_1046,0.0,1.1549,utt,-57.17505944293478,-56.04621092478434,4.112949295630748,10.022216066450357
common_voice_22_0_1117,0.0,0.884875,utt,-56.478515625,-54.760217878553604,4.112949295630748,6.83434257964371
common_voice_22_0_344,0.0,2.115,utt,-65.24994932930424,-58.63746134440104,4.03256313989422,15.030398723364758
common_voice_22_0_931,0.0,1.2239,utt,-59.63747518570697,-59.74831243661734,4.03256313989422,7.725981950986473
common_voice_22_0_891,0.0,1.324375,utt,-62.49573863636363,-58.59255822499593,4.032562960358025,3.2456425724712723
common_voice_22_0_763,0.0,1.9721,utt,-69.26002339784264,-59.687785085042314,3.9724488264656537,8.730379442368047
common_voice_22_0_289,0.0,2.3184,utt,-56.57691271551724,-56.028816064198814,3.966483393065916,6.101941559457023
common_voice_22_0_59,0.0,2.6878,utt,-53.836728914962826,-52.96909859601189,3.9664803823369787,4.6648073177390685
common_voice_22_0_893,0.0,1.0980625,utt,-52.13529385653409,-51.07559790978065,3.9577562490140226,7.799081801675506
common_voice_22_0_196,0.0,2.318375,utt,-58.172316978717674,-55.84060230961553,3.9577562490140226,6.2523017275037525
common_voice_22_0_190,0.0,3.5011,utt,-53.58201450892857,-55.48252707261305,3.957752860573282,13.809293610062529
common_voice_22_0_142,0.0,2.4214,utt,-58.28996642561984,-57.046274439493814,3.9540868962846516,6.874410156410141
common_voice_22_0_611,0.0,1.6161,utt,-52.408890335648145,-51.42582007015453,3.9439546361163282,4.904901612096191
common_voice_22_0_69,0.0,2.733375,utt,-54.39936755952381,-54.139962719332786,3.9114205330379406,8.736162117749885
common_voice_22_0_421,0.0,1.8188,utt,-53.918843363667584,-54.811753227597194,3.9114185189018693,6.7778574388888515
common_voice_22_0_195,0.0,2.2624,utt,-57.9033678443031,-55.49023324471933,3.9086228172826414,1.774866814325268
common_voice_22_0_618,0.0,1.4075625,utt,-57.325600482047875,-56.97653736787684,3.900802784151081,5.6657378020361975
common_voice_22_0_838,0.0,2.0219,utt,-52.10283879950495,-56.61094774518694,3.900801837212646,16.66912004632651
common_voice_22_0_169,0.0,2.4701875,utt,-53.52493990384615,-50.55626073376886,3.844101365105459,5.24955249478128
common_voice_22_0_507,0.0,1.5836875,utt,-55.68616495253165,-54.584666201942845,3.791593967383449,10.060560363715956
common_voice_22_0_301,0.0,3.8225,utt,-67.77962410013089,-61.267694314320885,3.784978944576286,4.358802944189394
common_voice_22_0_943,0.0,1.430375,utt,-51.41579026442308,-49.330203692118324,3.784978944576286,6.124669014842921
common_voice_22_0_1137,0.0,0.7584,utt,-59.58413214432566,-58.564720153808594,3.784978944576286,6.48355732307348
common_voice_22_0_446,0.0,1.7746,utt,-59.27540717690678,-58.65307344709124,3.7849784345289534,28.1872278302393
common_voice_22_0_694,0.0,1.4661,utt,-61.10956101190476,-60.66180823830997,3.784977924481621,0.8645506160184642
common_voice_22_0_430,0.0,1.6281875,utt,-58.636736723542946,-58.77296378395774,3.7849769043869563,13.080037081277752
common_voice_22_0_479,0.0,1.7789,utt,-57.60960542485955,-56.44744471499794,3.7849769043869563,14.545463489923009
common_voice_22_0_134,0.0,2.2838,utt,-55.304644668311404,-54.11214205423991,3.757699377030538,20.987611112130494
common_voice_22_0_415,0.0,2.1291,utt,-52.688416960093896,-53.905694007873535,3.7349387262220417,18.149298445730665
common_voice_22_0_1193,0.0,0.595375,utt,-51.500406901041664,-53.52735614776611,3.7315344019293493,9.41145820360299
common_voice_22_0_35,0.0,3.4526,utt,-54.046948596014495,-53.363592098920776,3.724466805001,14.317608731560858
common_voice_22_0_242,0.0,2.215,utt,-55.695140941722975,-54.74916472801795,3.67351350908232,8.266906388571543
common_voice_22_0_532,0.0,1.6246,utt,-49.87581983024691,-49.36299858093262,3.67351350908232,9.674522220927471
common_voice_22_0_646,0.0,1.432375,utt,-54.76808006446678,-52.54629247328814,3.6391018535288007,5.964911999216422
common_voice_22_0_306,0.0,1.9186875,utt,-54.585845947265625,-53.45455916722616,3.636203388092072,19.75014624709527
common_voice_22_0_464,0.0,1.5121875,utt,-54.578732926324506,-53.89288768768311,3.632289069165776,10.541712526257086
common_voice_22_0_183,0.0,2.2930625,utt,-56.39784047489083,-56.68698247273763,3.6297368739512508,17.068990002729866
common_voice_22_0_875,0.0,1.3282,utt,-58.83740968632519,-59.534322193690706,3.629735368586782,10.554920255199546
common_voice_22_0_710,0.0,1.84575,utt,-57.67696368243243,-59.32264978745405,3.6271394635252676,6.391646087902551
common_voice_22_0_427,0.0,2.6375,utt,-53.51155968868371,-54.99869135806435,3.6271394635252676,12.579095810368962
common_voice_22_0_98,0.0,2.575375,utt,-55.70533929869186,-53.63125966389974,3.6271394635252676,6.334923218962091
common_voice_22_0_952,0.0,1.3264,utt,-58.54956972509399,-56.64122740427653,3.627139219931667,1.576827892121825
common_voice_22_0_1172,0.0,0.679,utt,-51.091147030101105,-48.45768814086914,3.627139219931667,8.207668238058949
common_voice_22_0_624,0.0,1.4563,utt,-56.951706977739725,-57.09450800278608,3.6271389763380673,13.756579784453251
common_voice_22_0_478,0.0,1.6020625,utt,-48.586865234375,-47.175388431549074,3.6271384891508665,9.118077847071035
common_voice_22_0_918,0.0,1.356,utt,-47.51829259535845,-48.203817912510466,3.6164815575168796,9.801134141976913
common_voice_22_0_585,0.0,1.4883,utt,-54.01094536493289,-52.62719666330438,3.6164814249096,4.650539653519019
common_voice_22_0_93,0.0,2.8586875,utt,-54.73573057801573,-59.09641535141889,3.6164799662295217,5.950335931059993
common_voice_22_0_584,0.0,1.185,utt,-59.82667246586134,-58.48099708557129,3.613833582317818,16.174435252247914
common_voice_22_0_963,0.0,1.2006,utt,-65.36141764322916,-59.25014149058949,3.593779189777489,19.848119767412282
common_voice_22_0_661,0.0,1.7534,utt,-64.49193638392858,-60.658860599293426,3.583749432312191,7.673958464264684
common_voice_22_0_900,0.0,1.3219,utt,-50.56036191998106,-49.345818110874724,3.583063273942388,7.382108676164599
common_voice_22_0_1076,0.0,0.8763,utt,-54.03756991299716,-52.07731697776101,3.583063273942388,17.044284935669104
common_voice_22_0_326,0.0,2.5027,utt,-53.47294140625,-51.86216978593306,3.5752534345801705,7.662647497944338
common_voice_22_0_831,0.0,1.07125,utt,-66.76038168078271,-62.893476926363434,3.575252633350136,-0.1851600021476738
common_voice_22_0_270,0.0,2.66575,utt,-49.91535361072097,-50.93218446814495,3.5752502296600346,13.375001368634392
common_voice_22_0_707,0.0,2.07825,utt,-64.49069448617789,-56.95213114420573,3.573504896083782,5.399050158171008
common_voice_22_0_992,0.0,1.1026,utt,-49.77602982954546,-48.99622292952104,3.57350256723895,9.310887699696412
common_voice_22_0_380,0.0,2.1944,utt,-50.09781232163242,-49.82773142275603,3.5602614463560904,5.309310908316013
common_voice_22_0_822,0.0,1.3374,utt,-53.4157569088153,-51.06766160329183,3.5506247948726783,1.7112754693427714
common_voice_22_0_271,0.0,1.9678,utt,-53.453472001903556,-52.410830622134,3.5506247948726783,8.269792549060643
common_voice_22_0_654,0.0,1.6088,utt,-56.970988208462735,-55.05550742149353,3.550623358583116,4.662141603608607
common_voice_22_0_369,0.0,2.066,utt,-55.938655834843,-55.714378356933594,3.4954199956492986,5.442044620244877
common_voice_22_0_375,0.0,1.6236,utt,-57.27123722029321,-55.62176913306827,3.49159829106366,11.722222593761163
common_voice_22_0_772,0.0,1.34075,utt,-52.30507375233209,-50.783358982631135,3.468364002767313,2.108721808820622
common_voice_22_0_205,0.0,2.7879,utt,-65.1507056451613,-56.85420876962167,3.4613901553428055,5.1565954351790815
common_voice_22_0_70,0.0,3.9565,utt,-53.40030677872475,-52.391224108244245,3.4597167032102383,9.74823795594927
common_voice_22_0_39,0.0,3.539,utt,-49.31834282309322,-48.49968895545373,3.45384271817672,9.846922988450864
common_voice_22_0_623,0.0,1.5241,utt,-53.78029592413651,-54.151099036721625,3.443278578244073,7.639652336361989
common_voice_22_0_215,0.0,2.6572,utt,-61.90470071663534,-57.82410217285156,3.4426943406273383,4.48943177867289
common_voice_22_0_545,0.0,1.5545625,utt,-56.330538054435486,-56.02309481302897,3.44269026024868,8.659650020301017
common_voice_22_0_179,0.0,4.433875,utt,-53.60420340716704,-58.29009772991312,3.44269026024868,13.783993930273521
common_voice_22_0_100,0.0,3.0158,utt,-55.09307740066225,-53.89104759693146,3.44269026024868,6.991151083804919
common_voice_22_0_1050,0.0,0.900875,utt,-57.32475043402778,-55.96503105163574,3.422779224137973,16.06011828955107
common_voice_22_0_409,0.0,1.725375,utt,-60.245026869580926,-59.00110480898903,3.3895723788342416,3.579492491205553
common_voice_22_0_812,0.0,1.1354,utt,-57.92934912966009,-56.685417811075844,3.389269074930248,4.828302527941453
common_voice_22_0_31,0.0,2.7554,utt,-55.29920318161232,-55.65325938044368,3.3892673807098777,6.918787598759991
common_voice_22_0_672,0.0,1.5315625,utt,-52.4308651194853,-50.99059048820944,3.348409187356797,23.042069726959333
common_voice_22_0_61,0.0,3.1125,utt,-59.230060540594856,-57.5021901517301,3.344752959655259,4.189792025468069
common_voice_22_0_1196,0.0,0.5427,utt,-56.63832374855324,-54.18341827392578,3.344596613876892,5.478282157806676
common_voice_22_0_825,0.0,1.3417,utt,-53.1594092525653,-56.20100578894982,3.3096556223619076,8.329967549104865
common_voice_22_0_178,0.0,2.5650625,utt,-54.71693746960117,-54.48274803161621,3.3089792792082053,8.596804856354307
common_voice_22_0_978,0.0,1.3136875,utt,-56.97980528387404,-55.44632339477539,3.306405504054882,2.3558718615497813
common_voice_22_0_913,0.0,1.2589,utt,-55.279947916666664,-53.79930648803711,3.306405504054882,10.88645935694237
common_voice_22_0_37,0.0,3.3310625,utt,-59.89608553866366,-59.05621213912964,3.306402299134746,1.3410931445643
common_voice_22_0_533,0.0,1.33925,utt,-56.51406177122202,-56.04473304748535,3.300193005140285,7.97017728355355
common_voice_22_0_975,0.0,1.044375,utt,-52.58590463491586,-50.1144033578726,3.2929913584128983,10.027075581348136
common_voice_22_0_989,0.0,1.12,utt,-49.73278372628348,-49.12556633582482,3.2929913584128983,12.215085127714444
common_voice_22_0_890,0.0,1.2711875,utt,-57.99048428272638,-55.23903356279646,3.2893777682199707,-0.27737580212905755
common_voice_22_0_53,0.0,3.4650625,utt,-52.95627138868876,-52.64756754282359,3.289372566220019,11.055048528026044
common_voice_22_0_719,0.0,1.2411,utt,-54.944477696572584,-53.488282442092896,3.281295669670974,21.37601762813357
common_voice_22_0_273,0.0,2.34025,utt,-54.44059662126068,-53.96467765172323,3.2653218698568254,7.0204923922627795
common_voice_22_0_284,0.0,1.8383,utt,-52.69962211277174,-52.35175157629925,3.2607001379959315,11.445787784995211
common_voice_22_0_947,0.0,1.1370625,utt,-57.412649054276315,-56.773614247639976,3.260516940713702,16.631135823477145
common_voice_22_0_548,0.0,1.4108,utt,-56.55824745124114,-56.321784337361656,3.235589259129624,12.333905305447752
common_voice_22_0_254,0.0,1.9285,utt,-50.384775744818654,-49.18736897344174,3.235589259129624,9.809252359465376
common_voice_22_0_299,0.0,1.8540625,utt,-50.524012880067566,-50.05947030108908,3.2355872449935528,8.338315918516207
common_voice_22_0_1214,0.0,0.264875,utt,-48.0998769906851,-46.126895904541016,3.235586489692526,5.057235347012954
common_voice_22_0_373,0.0,1.5462,utt,-55.43186743951613,-55.62576900828969,3.235586237925517,22.086090615399264
common_voice_22_0_1063,0.0,0.7107,utt,-53.36389332086268,-55.62056181165907,3.235586237925517,5.717836028945927
common_voice_22_0_670,0.0,1.1969,utt,-51.359012858072916,-49.58135477701823,3.235586237925517,7.45818637084413
common_voice_22_0_717,0.0,1.1821875,utt,-57.71189751059322,-57.99186589167668,3.235586237925517,3.2507159038029307
common_voice_22_0_236,0.0,1.8221875,utt,-51.6073735834478,-51.58900202875552,3.2355852308574815,8.877581763063514
common_voice_22_0_388,0.0,1.7271875,utt,-57.95504990065029,-56.10288200378418,3.230791823287136,2.6022211078563977
common_voice_22_0_316,0.0,1.9533,utt,-52.26983173076923,-51.69585371017456,3.1988268457888958,9.491216276556262
common_voice_22_0_367,0.0,1.972375,utt,-62.786301356281726,-62.578673969615586,3.1957725546847113,6.496088645197924
common_voice_22_0_132,0.0,2.9835625,utt,-62.906721895973156,-56.89517093526906,3.1882438471172603,13.69725644126319
common_voice_22_0_1184,0.0,0.567375,utt,-56.113191303453945,-55.091877937316895,3.1819155325085737,22.830608962039648
common_voice_22_0_342,0.0,1.6753,utt,-51.70253208705357,-50.68208611529806,3.1800451178543176,13.424593287146472
common_voice_22_0_874,0.0,1.1460625,utt,-49.09260784646739,-48.28462441762289,3.1714576849051976,14.874745607485462
common_voice_22_0_836,0.0,1.2249,utt,-52.743376184682376,-50.456766862135666,3.169292610798166,12.709340348623185
common_voice_22_0_538,0.0,1.4913,utt,-54.20338388737416,-53.69849235133121,3.153552465445806,7.079112779525161
common_voice_22_0_528,0.0,1.6086875,utt,-58.0299701572205,-56.729137057349796,3.153550763981792,10.119289825069163
common_voice_22_0_232,0.0,2.3841,utt,-51.881507681197476,-49.8579657627986,3.1535490625177784,6.884483588034836
common_voice_22_0_713,0.0,1.5422,utt,-50.82730379971591,-50.928759166172576,3.1469020235986656,2.936643385612941
common_voice_22_0_87,0.0,2.6516875,utt,-55.56656102594339,-54.95471954345703,3.1400444879078315,4.081542115731908
common_voice_22_0_574,0.0,1.4199,utt,-58.548002860915496,-57.89715800565832,3.1400444879078315,6.468746584410164
common_voice_22_0_244,0.0,1.779875,utt,-51.61325930477528,-50.17322905858358,3.1400427251235863,7.6127505768543315
common_voice_22_0_182,0.0,2.4390625,utt,-53.02700755635246,-52.962083180745445,3.140040962339341,8.16124334822099
common_voice_22_0_734,0.0,1.2838,utt,-54.537010192871094,-52.89006423950195,3.1397176077835107,2.183342262353822
common_voice_22_0_1025,0.0,0.8870625,utt,-54.29662262991573,-52.878853988647464,3.1363225628555993,15.50181212038617
common_voice_22_0_74,0.0,3.418375,utt,-60.98489469115497,-56.461640463935005,3.1050280292189156,3.586991826143228
common_voice_22_0_738,0.0,1.5283,utt,-54.82460809844771,-53.94689043830423,3.1050263349985454,10.118662760488254
common_voice_22_0_516,0.0,1.8421,utt,-51.564384128736414,-50.7682128179641,3.1050254878883603,11.193822767529632
common_voice_22_0_127,0.0,2.6913,utt,-59.928514898931226,-59.02760314941406,3.105024640778175,1.7726139235277323
common_voice_22_0_923,0.0,1.2403,utt,-51.30278556577621,-50.193126091590294,3.1004056562997326,12.541173546824064
common_voice_22_0_491,0.0,1.6624,utt,-53.72165027296687,-53.85698427472796,3.1004056562997326,24.30781174058424
common_voice_22_0_636,0.0,1.1811875,utt,-56.39578505693856,-56.27347922325134,3.1004046362050683,12.056759899754466
common_voice_22_0_1142,0.0,0.88575,utt,-50.466670689957866,-49.62880379813058,3.1004046362050683,5.312490684884995
common_voice_22_0_549,0.0,1.7900625,utt,-49.60497774092179,-48.253789720081144,3.1004036161104036,5.70974835658733
common_voice_22_0_759,0.0,1.3235625,utt,-53.967044714725375,-53.530131022135414,3.1004036161104036,5.212569798896041
common_voice_22_0_249,0.0,1.8284,utt,-54.98777429132514,-55.03208175659179,3.1004036161104036,10.84190697089356
common_voice_22_0_172,0.0,2.0560625,utt,-53.43229008646845,-53.2380810546875,3.1004036161104036,10.119773027460347
common_voice_22_0_338,0.0,1.6609,utt,-49.42920510165663,-48.2943788875233,3.1004036161104036,6.090110858943916
common_voice_22_0_262,0.0,1.8751,utt,-57.335610247672875,-57.376872863769535,3.068686449851137,6.52515482200446
common_voice_22_0_553,0.0,1.4025625,utt,-52.30267508370536,-50.1010487874349,3.068685013561574,14.741895998624473
common_voice_22_0_712,0.0,1.200375,utt,-54.636083984375,-53.379320017496745,3.068685013561574,11.933138856359427
common_voice_22_0_202,0.0,1.6146,utt,-59.666628251164596,-58.61407935101053,3.053108531069836,0.7639269674508142
common_voice_22_0_256,0.0,1.8079,utt,-54.076608900207184,-53.83908065160116,3.0493581612941765,12.599362034873128
common_voice_22_0_442,0.0,1.6109,utt,-52.06231196622671,-49.12972164154053,3.046885355182269,14.044016776709727
common_voice_22_0_767,0.0,1.5021875,utt,-54.76745442708334,-52.50953449922449,3.046884686812934,9.80447364781715
common_voice_22_0_517,0.0,1.5871875,utt,-61.552808077830186,-58.160634422302245,3.037557573529593,6.160737350452459
common_voice_22_0_622,0.0,2.3218,utt,-57.96981074892241,-52.7530154059915,3.0375543686094573,8.576627777757517
common_voice_22_0_341,0.0,1.769,utt,-52.17293983933616,-50.867542839050294,3.0342107638586375,9.337359301825199
common_voice_22_0_221,0.0,2.0895,utt,-58.236426248504785,-56.85974361278392,3.034207488349802,5.255017225874569
common_voice_22_0_907,0.0,1.5596,utt,-55.62748522636218,-56.94894313812256,3.026801861553306,12.618436406686248
common_voice_22_0_845,0.0,2.0995,utt,-60.27134021577381,-61.74457677205404,3.0100547494851737,7.403457261778391
common_voice_22_0_555,0.0,2.7285,utt,-56.52938988095238,-59.60226319965563,3.0100547494851737,13.710615722427699
common_voice_22_0_206,0.0,2.3645625,utt,-55.035288665254235,-54.463351249694824,3.010051356299578,6.414205897189618
common_voice_22_0_376,0.0,1.5915,utt,-63.41926469143082,-61.418061169711024,3.010051356299578,5.243696368113181
common_voice_22_0_340,0.0,1.8259,utt,-55.26163336748634,-54.16270546291185,3.0100502252377126,7.781112878051786
common_voice_22_0_833,0.0,1.2091,utt,-50.286637235278924,-50.31159709050105,3.0029833871947194,11.261854402691139
common_voice_22_0_60,0.0,2.7311,utt,-55.747299250228934,-54.43569662911551,2.998459388923877,7.93580209993069
common_voice_22_0_1088,0.0,0.9741875,utt,-53.70603958601804,-53.23959053887261,2.973247521129703,3.3028235583588543
common_voice_22_0_54,0.0,2.7555625,utt,-58.25640426856884,-57.57164938790458,2.973246546755302,8.04221400227217
common_voice_22_0_255,0.0,2.2216875,utt,-54.77770886120496,-52.82090301513672,2.9562483518153266,23.90532466307301
common_voice_22_0_21,0.0,3.4815,utt,-53.53154184626437,-53.05719358656142,2.948357342273661,19.763389332508833
common_voice_22_0_733,0.0,1.2839,utt,-55.444942474365234,-54.25907407488142,2.9475823596481323,14.05860702639764
common_voice_22_0_835,0.0,1.4290625,utt,-50.41462248688811,-49.79793425968715,2.9475804657712628,4.05547467422635
common_voice_22_0_634,0.0,1.3290625,utt,-52.926790854088345,-53.810009241104126,2.917793570362241,11.971374049437525
common_voice_22_0_1001,0.0,1.2583,utt,-52.57911318824405,-51.942504536021836,2.904551793481405,12.630244878718313
common_voice_22_0_1080,0.0,0.8419,utt,-51.19598098028274,-50.035251998901366,2.904551793481405,10.697582204301197
common_voice_22_0_1104,0.0,0.814,utt,-50.03458357445987,-45.16096199883355,2.904551793481405,7.349406348896396
common_voice_22_0_117,0.0,3.0993,utt,-50.95704385080645,-49.40452962933165,2.897673622175466,16.007584757889084
common_voice_22_0_564,0.0,1.6302,utt,-56.82307443443251,-55.16688134935167,2.8976716080393947,3.8401458875641143
common_voice_22_0_356,0.0,1.866,utt,-54.09205276570856,-53.51445606776646,2.897670600971359,12.299832395723344
common_voice_22_0_72,0.0,2.7120625,utt,-51.81571436808118,-50.73669507768419,2.897670600971359,8.006470230812072
common_voice_22_0_561,0.0,1.545375,utt,-58.306275201612905,-56.43043477911698,2.897670600971359,8.212654866992187
common_voice_22_0_1068,0.0,0.9905,utt,-54.59387330334596,-53.66121927897135,2.897670097437341,10.016183725218061
common_voice_22_0_879,0.0,1.48675,utt,-61.74870228607382,-59.78892252995418,2.8976695939033235,5.135781729299806
common_voice_22_0_146,0.0,3.9442,utt,-50.81745717005076,-51.796495991368445,2.8976695939033235,10.097258814595302
common_voice_22_0_305,0.0,2.6095,utt,-55.52125613625479,-55.98022510694421,2.8976695939033235,13.17653276285286
common_voice_22_0_877,0.0,1.0113,utt,-53.191290222772274,-49.51033158735795,2.8976695939033235,4.138447642692709
common_voice_22_0_108,0.0,2.1336,utt,-57.40750623532864,-56.81208074092865,2.8976695939033235,10.098390269605567
common_voice_22_0_969,0.0,1.5264,utt,-51.31419781454248,-51.17197926839193,2.8976695939033235,17.693219369858234
common_voice_22_0_766,0.0,1.2746,utt,-47.018608513779526,-46.31627527872721,2.8976695939033235,16.82790602332978
common_voice_22_0_527,0.0,1.52825,utt,-53.492146012050654,-52.070710712009,2.8973173471738467,4.4940807199321995
common_voice_22_0_950,0.0,0.9197,utt,-55.58566682235055,-54.613591003417966,2.8938742553101844,22.519764692602408
common_voice_22_0_994,0.0,1.5681875,utt,-52.078942948845544,-51.98930358886719,2.8899914579128243,14.743912241907392
common_voice_22_0_245,0.0,2.3456,utt,-56.68036486037234,-55.414379577636716,2.889751138734626,0.1856492918093302
common_voice_22_0_832,0.0,1.3441875,utt,-53.832275390625,-53.981925691877095,2.8546571007793933,15.920458792654935
common_voice_22_0_451,0.0,1.8399,utt,-51.720527980638586,-52.741273378071035,2.844296886720705,6.983163832501322
common_voice_22_0_92,0.0,2.4280625,utt,-56.22212175282922,-55.34197444300498,2.8442951239364596,4.791601490221417
common_voice_22_0_354,0.0,2.569875,utt,-51.223743008268485,-53.509712400890535,2.844291598367969,14.974576360689586
common_voice_22_0_320,0.0,2.163875,utt,-53.363240559895836,-52.62012763645338,2.836172508854634,6.191816390350958
common_voice_22_0_597,0.0,1.6672,utt,-49.83408963323353,-48.42436303032769,2.836172508854634,12.052687320075263
common_voice_22_0_323,0.0,1.7723,utt,-54.71809344103107,-54.79146850585938,2.830542167187415,17.864152529336696
common_voice_22_0_788,0.0,1.3118,utt,-57.20751953125,-55.95553636550903,2.82771637965939,4.73355663080843
common_voice_22_0_540,0.0,1.7324,utt,-59.47449083273121,-58.23192957827919,2.8277158410508036,4.422080686756862
common_voice_22_0_1091,0.0,0.8157,utt,-55.98749523628049,-54.54947328567505,2.8277158410508036,6.671560732099147
common_voice_22_0_956,0.0,1.250375,utt,-52.8037421875,-50.669676000421696,2.820785289287213,17.966331516494733
common_voice_22_0_240,0.0,2.4636,utt,-60.26244918699187,-56.82906767038199,2.820785289287213,11.37863082856667
common_voice_22_0_251,0.0,2.0051875,utt,-53.59623270366915,-52.11768997192383,2.820783595066843,2.334857999691341
common_voice_22_0_364,0.0,1.8955625,utt,-60.71118935032895,-58.82873951305043,2.820783595066843,7.0922305736469475
common_voice_22_0_562,0.0,1.905875,utt,-53.91602585078534,-53.126945719999426,2.820782747956658,12.427540599137394
common_voice_22_0_324,0.0,2.0364,utt,-54.65721220128677,-53.38908368890936,2.8207819008464727,9.441456079226592
common_voice_22_0_131,0.0,2.3791875,utt,-52.71984965861345,-52.10867118835449,2.8207328757580292,8.316416141610805
common_voice_22_0_785,0.0,1.2685625,utt,-52.37398883489173,-52.49168345133464,2.793076845667532,5.436791079977706
common_voice_22_0_382,0.0,1.811875,utt,-63.05423968404696,-61.46756033463912,2.7717345057389493,3.0052877448879958
common_voice_22_0_103,0.0,2.5445625,utt,-57.20097579355315,-56.25059590195165,2.7687096430043048,5.414895585213555
common_voice_22_0_908,0.0,1.0723,utt,-54.992155556366825,-53.974117279052734,2.7687080405442366,10.298158466825136
common_voice_22_0_903,0.0,1.0465,utt,-58.615564546130955,-56.15791702270508,2.7687072393142027,7.6891165714621295
common_voice_22_0_197,0.0,1.9466875,utt,-51.994085536858975,-49.76726013183594,2.768706438084169,5.372061614698858
common_voice_22_0_263,0.0,2.3887,utt,-53.02002157426778,-58.25578914989125,2.7585370693717297,15.53501172652177
common_voice_22_0_95,0.0,3.6614,utt,-60.767567452185794,-53.99820181902717,2.7581210523507855,8.068221706817841
common_voice_22_0_855,0.0,1.0197,utt,-59.99987553615196,-59.77516910008022,2.7581190121614565,5.009118754523799
common_voice_22_0_1024,0.0,1.1612,utt,-50.47274885506466,-49.25646743774414,2.7581179920667918,6.70534760347018
common_voice_22_0_252,0.0,1.838375,utt,-52.32205332880435,-52.49312690452293,2.758116971972127,9.932917230715738
common_voice_22_0_198,0.0,2.0533,utt,-55.36669683689024,-54.96316337585449,2.758116971972127,4.143135594196767
common_voice_22_0_91,0.0,2.6079,utt,-54.511505477729884,-54.089602730490945,2.758116971972127,9.072470743644734
common_voice_22_0_359,0.0,1.8150625,utt,-59.49384550995879,-57.3505200472745,2.758116971972127,4.526430795733702
common_voice_22_0_141,0.0,2.532875,utt,-60.73005187747036,-55.80730684341923,2.758116971972127,3.1338459915810333
common_voice_22_0_544,0.0,1.688,utt,-52.8573120839497,-51.77688426971436,2.758116971972127,13.825815382580313
common_voice_22_0_457,0.0,1.5398,utt,-53.10964767654221,-51.87144470214844,2.758116971972127,5.965745065592335
common_voice_22_0_884,0.0,1.1840625,utt,-51.10464943061441,-51.14311130230244,2.758116971972127,9.155649147256668
common_voice_22_0_460,0.0,1.7121,utt,-48.37675324378655,-48.843394385443794,2.758116971972127,10.003256075964984
common_voice_22_0_210,0.0,2.277,utt,-58.474810683936404,-57.44525726318359,2.758116971972127,3.8388890727714085
common_voice_22_0_663,0.0,1.3395625,utt,-58.680886339785445,-57.528952280680336,2.743141982295811,16.762328979421383
common_voice_22_0_1101,0.0,1.5535625,utt,-53.505657762096774,-53.55153232150607,2.7394708504515415,12.595986253245503
common_voice_22_0_48,0.0,3.8729,utt,-54.28958232396641,-56.40501804840871,2.7171593418738715,7.306139716202454
common_voice_22_0_1043,0.0,0.8336,utt,-59.36920533697289,-57.468190383911136,2.681403747383548,14.226332854198319
common_voice_22_0_109,0.0,2.5264,utt,-50.78265887475296,-50.266374761408024,2.6719274647385314,7.47317465711801
common_voice_22_0_819,0.0,1.1569,utt,-64.03258014547414,-62.28912881704477,2.6645357701627392,4.244421758256447
common_voice_22_0_902,0.0,1.586,utt,-64.81431800314465,-57.74123940101037,2.6630914308224525,9.896188909117532
common_voice_22_0_267,0.0,2.4894,utt,-54.86145362700803,-53.685147065382736,2.6463010627447203,5.924807208390316
common_voice_22_0_721,0.0,1.4007,utt,-56.16295689174107,-54.30767011642456,2.6463010627447203,12.985526368787319
common_voice_22_0_951,0.0,1.0325,utt,-55.948152116201456,-54.653703371683754,2.644234880323776,14.472491802936986
common_voice_22_0_472,0.0,1.8274,utt,-53.91718963456284,-53.1168147193061,2.6338038190581545,4.998436198384962
common_voice_22_0_967,0.0,1.2071875,utt,-55.65095154313016,-55.27159627278646,2.6338038190581545,7.714376122465426
common_voice_22_0_66,0.0,2.775375,utt,-53.04585628372302,-52.3753574255741,2.6305337269505102,7.113834284941067
common_voice_22_0_750,0.0,1.6299,utt,-56.60705641296012,-54.51203894615173,2.6305314648267797,4.926115236458777
common_voice_22_0_649,0.0,1.3386,utt,-55.63795038479478,-54.897398710250854,2.6305292027030487,5.3483526818174845
common_voice_22_0_27,0.0,3.3446875,utt,-51.958019507859284,-51.5026071639288,2.6305292027030487,19.013578391675544
common_voice_22_0_635,0.0,1.501375,utt,-50.35631510416667,-49.502531837014594,2.6305292027030487,5.046928179129441
common_voice_22_0_852,0.0,1.3115,utt,-53.73636912571565,-53.58614231989934,2.6305292027030487,8.46928786564258
common_voice_22_0_75,0.0,8.9467,utt,-45.85362255586592,-55.41236877441406,2.6305246784555876,17.947970380848545
common_voice_22_0_539,0.0,1.5355,utt,-57.40047940340909,-56.71730386643183,2.6298447433163092,8.24796782222496
common_voice_22_0_200,0.0,2.4841,utt,-59.22842505670363,-58.66754825298603,2.6298428494394397,4.6994118199589145
common_voice_22_0_230,0.0,2.0540625,utt,-50.45830792682927,-49.58566831505817,2.6297745980452043,10.378660687050207
common_voice_22_0_298,0.0,2.2622,utt,-62.23486328125,-58.038398583730064,2.6269071578572327,12.573709305110404
common_voice_22_0_693,0.0,1.7195,utt,-67.29937886082848,-55.2534065246582,2.6195043416414423,12.85042024131137
common_voice_22_0_964,0.0,1.5781875,utt,-64.60863330696202,-54.4794667561849,2.61950333806513,7.35529066842599
common_voice_22_0_1021,0.0,0.8514,utt,-62.49215877757353,-60.93543936989524,2.607063999127933,0.4525567019883212
common_voice_22_0_547,0.0,1.6238,utt,-57.50992235725309,-56.88384183247884,2.602383762815904,8.134519973539696
common_voice_22_0_1143,0.0,0.5899,utt,-53.73851711467161,-53.12012799580892,2.5995087187646457,10.440656927203573
common_voice_22_0_219,0.0,2.1442,utt,-55.05130603825935,-54.155222998725044,2.5983507147152394,4.177117207096652
common_voice_22_0_689,0.0,1.3236875,utt,-54.23324307528409,-53.5361582438151,2.586746668540033,5.3003530036400495
common_voice_22_0_651,0.0,1.4740625,utt,-56.719706632653065,-54.99163392010857,2.586746668540033,2.9683851175128613
common_voice_22_0_150,0.0,2.3319,utt,-55.06434415236051,-54.850473912556964,2.5597559710852362,6.752150107092284
common_voice_22_0_1078,0.0,0.769375,utt,-48.454180828936686,-47.773692237006294,2.5597559710852362,1.6175509593092006
common_voice_22_0_1211,0.0,0.3385625,utt,-52.24911678538603,-51.73822911580404,2.559754460483183,8.569923064879287
common_voice_22_0_314,0.0,2.4245625,utt,-65.42603144369835,-60.00226294476053,2.559753956949165,7.707089303073005
common_voice_22_0_1060,0.0,0.9468,utt,-49.742943050986845,-50.140426288951524,2.559753956949165,12.079117352997455
common_voice_22_0_374,0.0,1.7758,utt,-55.39966643258427,-53.06504422142392,2.559753956949165,10.146106062581019
common_voice_22_0_774,0.0,2.381875,utt,-50.688624277836134,-51.74533680507115,2.559753956949165,14.73759428364095
common_voice_22_0_648,0.0,1.5026875,utt,-58.76339192708333,-57.77419684914982,2.559753956949165,21.23699434115788
common_voice_22_0_52,0.0,2.6446875,utt,-54.942312529592805,-53.38941212704307,2.5597499286770224,9.819766064581367
common_voice_22_0_1044,0.0,0.7280625,utt,-58.9577068172089,-58.592216067843964,2.558797884215112,18.03891097431209
common_voice_22_0_1116,0.0,0.8420625,utt,-54.847981770833336,-54.028202056884766,2.5553084332912226,6.226211739362389
common_voice_22_0_834,0.0,1.3185,utt,-54.880112156723484,-54.41285909016927,2.5506024416950672,11.152665410207144
common_voice_22_0_576,0.0,1.9979,utt,-65.9178955078125,-56.80280367533366,2.548947293069117,4.9357881167615325
common_voice_22_0_863,0.0,1.0089,utt,-50.55292291924505,-50.33072809072641,2.548588237536466,13.077787395214228
common_voice_22_0_229,0.0,1.9081875,utt,-55.74771964986911,-55.574166811429535,2.548588237536466,23.319897912750342
common_voice_22_0_67,0.0,2.7310625,utt,-51.49212311126374,-49.56380680629185,2.5485866462491082,3.944587844813473
common_voice_22_0_43,0.0,4.3611,utt,-48.75071226347477,-52.86915804888751,2.548586115819989,13.675884777859318
common_voice_22_0_272,0.0,1.7398,utt,-58.425612877155174,-57.27923231858473,2.548586115819989,10.40183721450316
common_voice_22_0_1115,0.0,1.086,utt,-52.23997903526376,-51.49783945083618,2.548586115819989,11.893674060048223
common_voice_22_0_50,0.0,3.854375,utt,-49.265751826298704,-49.931374627190664,2.548586115819989,15.668681212064108
common_voice_22_0_488,0.0,1.7599,utt,-48.55890447443182,-48.25591287612915,2.548586115819989,18.82564668797515
common_voice_22_0_420,0.0,1.6918,utt,-56.79001594859467,-56.326366061256046,2.548586115819989,7.526793216828814
common_voice_22_0_85,0.0,2.7801875,utt,-53.411842401079134,-52.49684818812779,2.548586115819989,7.36298378188363
common_voice_22_0_247,0.0,2.9799,utt,-49.94438181627517,-51.85488571166992,2.5485818723870346,15.165299732543769
common_voice_22_0_521,0.0,1.769375,utt,-53.07563669668079,-51.66774921417236,2.5485510483178233,10.737986511111147
common_voice_22_0_982,0.0,1.3756875,utt,-52.96790435348732,-52.941834963285004,2.5365408551351405,8.546929291153404
common_voice_22_0_660,0.0,1.68025,utt,-52.22779482886905,-52.32246551513672,2.5365391609147707,8.773459293391436
common_voice_22_0_809,0.0,1.5824,utt,-52.3535527096519,-49.86450322469076,2.5365391609147707,6.382666490333225
common_voice_22_0_895,0.0,1.2654,utt,-48.95325956569882,-47.79974937438965,2.5365391609147707,11.485388947336684
common_voice_22_0_322,0.0,3.5891875,utt,-50.78728891016713,-55.780226752871556,2.5365391609147707,13.700497668096908
common_voice_22_0_193,0.0,2.2304,utt,-53.03953545403587,-51.99564506267679,2.5365391609147707,13.163936204103324
common_voice_22_0_1203,0.0,0.2371,utt,-53.24098205566406,-52.726548512776695,2.5262601700974456,13.057255197861993
common_voice_22_0_1212,0.0,0.2025625,utt,-55.03761596679688,-52.16649055480957,2.5262601700974456,2.5146604632196077
common_voice_22_0_343,0.0,1.6338,utt,-52.823475843558285,-51.84749126434326,2.5262601700974456,11.918531353084958
common_voice_22_0_1139,0.0,1.2014,utt,-76.34249674479166,-58.2145881652832,2.5262601260579296,13.780218308777135
common_voice_22_0_1144,0.0,0.6908,utt,-52.656702898550726,-52.739073276519775,2.5213683290513873,15.102706886549875
common_voice_22_0_379,0.0,2.0161875,utt,-61.551371055074256,-59.703824005126954,2.514827914707005,-0.46921785280819783
common_voice_22_0_302,0.0,1.8302,utt,-54.254109033469945,-53.391961822509764,2.505236363547024,1.8921942131187084
common_voice_22_0_403,0.0,2.07975,utt,-52.56249530498798,-52.92851693289621,2.49985850755888,11.15738190119038
common_voice_22_0_147,0.0,2.322375,utt,-55.38886129445043,-54.41389871412708,2.4971237118450906,12.006505809840002
common_voice_22_0_440,0.0,1.4823,utt,-55.800015836148646,-55.010223025367374,2.4945571536689592,13.845431441882095
common_voice_22_0_337,0.0,1.93975,utt,-53.955747624033506,-52.52874267578125,2.493137790033768,9.973659313982568
common_voice_22_0_1133,0.0,0.669375,utt,-59.708554395988806,-56.45357622419085,2.4830567137461004,0.6099481514851615
common_voice_22_0_813,0.0,1.5580625,utt,-54.814647185496796,-57.99712371826172,2.4814702220051785,10.947126326651599
common_voice_22_0_771,0.0,1.1674,utt,-55.671491052350426,-53.33106204441616,2.4718973415190555,18.171603435495662
common_voice_22_0_498,0.0,1.9048,utt,-57.77416735197368,-55.524708641899956,2.4696585994386915,4.193405205133374
common_voice_22_0_476,0.0,1.708875,utt,-51.41125845211988,-50.383836473737446,2.469613676235809,12.711035952168926
common_voice_22_0_120,0.0,2.8567,utt,-52.6658517263986,-51.64451344807943,2.460650992679366,23.294264727561313
common_voice_22_0_484,0.0,1.3881,utt,-57.36697673111511,-57.0868943532308,2.4487784904319216,17.973925393820092
common_voice_22_0_22,0.0,3.4443,utt,-60.84226812318314,-59.14918344671076,2.445807608034905,3.801448745849095
common_voice_22_0_496,0.0,1.676875,utt,-55.708548409598215,-55.18797011602493,2.426283018179426,16.938486115877993
common_voice_22_0_157,0.0,2.5746875,utt,-59.282405155642024,-57.916313716343474,2.4166271820816467,-0.15301228051002447
common_voice_22_0_862,0.0,1.14575,utt,-62.43907523777174,-60.25487082345145,2.4161420267933265,7.456085922666148
common_voice_22_0_114,0.0,2.872,utt,-57.456303081445995,-55.46323738098145,2.4158344082125094,11.723844793035674
common_voice_22_0_45,0.0,3.0651,utt,-60.68611309039088,-59.119659939327754,2.4158344082125094,3.443086612591774
common_voice_22_0_515,0.0,1.4931,utt,-51.214109689597315,-51.2153018951416,2.41583236802318,13.948385033987494
common_voice_22_0_1174,0.0,0.582875,utt,-54.22530391298491,-53.96805763244629,2.4158308378811832,11.375494460869236
common_voice_22_0_1110,0.0,0.87,utt,-54.40040184985632,-53.94220648871528,2.4158308378811832,2.892301492223284
common_voice_22_0_1074,0.0,0.9647,utt,-51.484212239583336,-51.87777363170277,2.4158308378811832,16.967383796137042
common_voice_22_0_1213,0.0,0.4216,utt,-59.698329380580354,-61.542945861816406,2.4158308378811832,7.078518801440961
common_voice_22_0_437,0.0,1.949375,utt,-54.69542768429487,-54.34718543604801,2.415830327833851,16.072651277076766
common_voice_22_0_38,0.0,2.9349,utt,-60.977502399744026,-59.538034181337096,2.415830327833851,4.410426726211261
common_voice_22_0_569,0.0,1.3745,utt,-49.36538763115876,-49.322611045837405,2.415830327833851,11.32869516855122
common_voice_22_0_123,0.0,2.1809,utt,-50.750568914850916,-50.117055638631186,2.415830327833851,18.06634399416326
common_voice_22_0_565,0.0,1.626,utt,-55.145729486196316,-52.85076777140299,2.415830327833851,1.8838614924808272
common_voice_22_0_1098,0.0,0.9197,utt,-57.99070673403533,-56.932692209879555,2.415830327833851,10.192780539572361
common_voice_22_0_886,0.0,1.2499,utt,-45.596828125,-44.835689544677734,2.4124068901394558,13.728791016073163
common_voice_22_0_526,0.0,1.6028,utt,-60.38181762695312,-57.14347979896947,2.398919752710428,0.27046005766655945
common_voice_22_0_278,0.0,1.998375,utt,-61.257822265625,-58.9569270324707,2.398919752710428,12.288190071112435
common_voice_22_0_518,0.0,1.607875,utt,-63.90228915954969,-60.64186999672338,2.3989165862988617,-1.31910172077907
common_voice_22_0_139,0.0,2.3462,utt,-56.58162815824468,-55.276611943398755,2.397695268384827,14.67722123335899
common_voice_22_0_770,0.0,1.2750625,utt,-57.27655029296875,-56.15048014322917,2.3929069530748084,12.724524291091134
common_voice_22_0_163,0.0,2.3219,utt,-51.938434469288794,-51.653379576546804,2.386243040383918,11.454302379960087
common_voice_22_0_250,0.0,2.7490625,utt,-64.95129971590909,-59.7359452681108,2.3837463104428767,4.881223496279338
common_voice_22_0_682,0.0,1.3351875,utt,-60.33373294659515,-56.92139714558919,2.377278727455491,19.828075115825907
common_voice_22_0_165,0.0,2.18025,utt,-59.38813431766055,-58.04828493935721,2.374086689108047,8.240639336457301
common_voice_22_0_1185,0.0,0.4022,utt,-57.67671508789063,-57.66804027557373,2.3740835381963508,7.517523265286057
common_voice_22_0_1157,0.0,0.7601875,utt,-46.76476408305921,-46.37316385904948,2.3697500707891352,14.461634630199185
common_voice_22_0_692,0.0,1.1535,utt,-51.64086701766304,-49.86917673746745,2.35178104111509,9.908116934646017
common_voice_22_0_1028,0.0,1.0961,utt,-67.87772993607955,-64.7331709428267,2.3498718494023776,-0.0671881437442412
common_voice_22_0_722,0.0,1.4858,utt,-60.280194788171144,-59.54526952107747,2.3498718494023776,22.310576145165847
common_voice_22_0_827,0.0,1.261375,utt,-53.501243954613095,-51.747962951660156,2.3498718494023776,6.023416849776638
common_voice_22_0_858,0.0,1.0339,utt,-60.541067771541265,-59.857617696126304,2.3498718494023776,2.4207328855000103
common_voice_22_0_159,0.0,2.40775,utt,-54.758233921161825,-51.78044064839681,2.349870612693853,8.017685085938474
common_voice_22_0_789,0.0,1.4475625,utt,-59.8802734375,-57.262388944625854,2.349870612693853,1.6548379510602018
common_voice_22_0_927,0.0,1.3956,utt,-56.47782156808036,-55.519688076443146,2.349869375985329,1.1694390968799784
common_voice_22_0_348,0.0,1.8633,utt,-51.78043094758065,-51.18993270874024,2.346095237553049,14.141115516607817
common_voice_22_0_529,0.0,1.709875,utt,-52.92582122624269,-52.89304632889597,2.345777496029262,10.229204840460767
common_voice_22_0_748,0.0,1.2536875,utt,-54.2070859375,-53.2050900777181,2.345777496029262,20.314710943002947
common_voice_22_0_1153,0.0,0.661875,utt,-58.69082549124053,-53.06729253133138,2.3442808985783716,-1.9941006598622284
common_voice_22_0_445,0.0,2.3741875,utt,-46.272658722310126,-46.68148594810849,2.34358980664952,23.47424809078689
common_voice_22_0_155,0.0,2.133875,utt,-51.46995121772301,-50.87933717924973,2.3351865060530286,13.16206143181219
common_voice_22_0_260,0.0,1.8565,utt,-54.681546118951616,-52.24638068157694,2.3193565531085394,2.1287722561902953
common_voice_22_0_239,0.0,1.9268,utt,-53.12797016677461,-51.86539162529839,2.319356065921339,5.412037687742291
common_voice_22_0_119,0.0,2.8706875,utt,-55.8709712543554,-59.176324208577476,2.3193558223277386,12.611990359985343
common_voice_22_0_227,0.0,1.9554,utt,-54.08754185267857,-51.56780195236206,2.3193555787341387,7.588836979679536
common_voice_22_0_715,0.0,1.3228,utt,-51.423746744791664,-50.73091561453683,2.3164543760804,9.591241964116927
common_voice_22_0_383,0.0,1.4418,utt,-50.592081705729164,-49.5971801394508,2.3150129611670045,11.03137950934908
common_voice_22_0_1105,0.0,1.2510625,utt,-46.1492421875,-42.99586248397827,2.3150112483019156,14.610995627842925
common_voice_22_0_328,0.0,2.003375,utt,-55.243984375,-53.567042475161344,2.3150103918693716,9.103064691062077
common_voice_22_0_327,0.0,1.8297,utt,-54.27809618340164,-52.19340498551078,2.3150103918693716,12.639637891722511
common_voice_22_0_465,0.0,2.5595,utt,-64.94244384765625,-54.874090385437015,2.315009535436827,9.0916685304804
common_voice_22_0_76,0.0,2.950375,utt,-54.271878310381354,-52.6950817653111,2.3121052331076166,8.206975485435862
common_voice_22_0_732,0.0,1.9546,utt,-53.03083934294872,-53.31740641593933,2.3121052331076166,11.10143677104386
common_voice_22_0_1136,0.0,0.835,utt,-51.18638974144345,-49.736520767211914,2.312102392292312,7.480075114263219
common_voice_22_0_810,0.0,1.1056,utt,-50.23494686092342,-50.605151112874346,2.3121014453538766,6.528255138029522
common_voice_22_0_149,0.0,2.3801,utt,-56.08152655593487,-53.56638467722926,2.312097657600137,1.8023446573118687
common_voice_22_0_633,0.0,1.2599,utt,-55.32261439732143,-56.669400215148926,2.308923519966266,11.984363721250197
common_voice_22_0_20,0.0,3.5785,utt,-62.241740136173185,-59.88141745709358,2.307635611170004,4.228310864351581
common_voice_22_0_974,0.0,1.13175,utt,-56.309838219026545,-54.120111612173226,2.3076335155607004,4.53455959298433
common_voice_22_0_125,0.0,2.3056,utt,-55.53341872970779,-54.394534818587765,2.3032463523713114,3.17182684689576
common_voice_22_0_525,0.0,1.4531,utt,-59.13578259698276,-55.24482210944681,2.3029677295600464,0.3041282549426825
common_voice_22_0_411,0.0,1.7416,utt,-52.168664691091955,-51.430674119429156,2.2971767024529792,20.107212280324678
common_voice_22_0_358,0.0,1.7851875,utt,-56.18633794518156,-55.32716147104899,2.2971758517209726,10.793555733191585
common_voice_22_0_104,0.0,2.699375,utt,-56.33355396412037,-56.182645367037864,2.2971750009889655,4.557505613310626
common_voice_22_0_794,0.0,1.2320625,utt,-54.02874507748984,-52.9873540242513,2.2915314563341327,15.650249508059234
common_voice_22_0_290,0.0,2.159,utt,-52.81736472800926,-52.165519880211875,2.2901605685743647,6.331287858392368
common_voice_22_0_818,0.0,1.0316,utt,-52.162545509708735,-49.426820314847504,2.282759327891246,10.165483800595156
common_voice_22_0_955,0.0,1.76025,utt,-53.95052268288352,-50.53831672668457,2.282759327891246,9.374360876125596
common_voice_22_0_503,0.0,1.481375,utt,-59.57084037162162,-57.6426027086046,2.282759327891246,14.18404064656758
common_voice_22_0_1100,0.0,0.8170625,utt,-61.85763028772866,-57.90807008743286,2.274992837511462,2.658687622749966
common_voice_22_0_1121,0.0,0.7916,utt,-57.67254252373418,-56.9077524457659,2.2740270150984703,3.0921230232359598
common_voice_22_0_480,0.0,2.3086875,utt,-49.02641369047619,-49.880060005187985,2.270957053065755,15.713682522281253
common_voice_22_0_701,0.0,1.42225,utt,-59.012619663292256,-58.181576672722315,2.26736895911931,4.158687160912237
common_voice_22_0_357,0.0,1.8651875,utt,-58.089342413101605,-56.67412150989879,2.2632490693700507,4.899971523207029
common_voice_22_0_331,0.0,2.551375,utt,-52.62447916666667,-52.227727543223985,2.2629721038395503,4.520698302401069
common_voice_22_0_824,0.0,1.2215625,utt,-45.85247502561475,-45.42959894452776,2.252803887826758,10.815712496362249
common_voice_22_0_414,0.0,1.7359,utt,-53.342234644396555,-51.98980730230158,2.2528034471306966,12.86648951028424
common_voice_22_0_325,0.0,2.0295625,utt,-55.416554418103445,-54.14415792985396,2.2528034471306966,1.850538165070521
common_voice_22_0_688,0.0,1.825,utt,-56.48063951502732,-54.47580075263977,2.2528034471306966,6.772783131321338
common_voice_22_0_1023,0.0,1.0315625,utt,-56.59248426122573,-54.89161720275879,2.2528034471306966,0.7951974127515307
common_voice_22_0_34,0.0,3.71875,utt,-56.55962806619624,-54.45002384185791,2.2522998094238083,8.984172180135054
common_voice_22_0_1034,0.0,0.8011875,utt,-54.38038330078125,-54.0924072265625,2.2522972680932534,8.59491108684892
common_voice_22_0_1195,0.0,0.7177,utt,-51.23285590277778,-50.87367401123047,2.252297056315707,11.873612129002417
common_voice_22_0_676,0.0,1.9491875,utt,-52.47402844551282,-51.35503209431966,2.2522970033713205,6.816120304966946
common_voice_22_0_683,0.0,1.5555,utt,-56.1120855869391,-53.98633813858032,2.2522964209830683,7.309276956566684
common_voice_22_0_844,0.0,1.0911875,utt,-57.537906751720186,-58.19287109375,2.2510104422921158,14.435158917843577
common_voice_22_0_556,0.0,1.3704,utt,-56.08934121236314,-55.99323738945855,2.2510087456993175,7.097458927579751
common_voice_22_0_1036,0.0,1.02825,utt,-54.7934807342233,-54.218771362304686,2.251008180168385,4.617175942589714
common_voice_22_0_224,0.0,1.9155,utt,-50.752593994140625,-49.5522468884786,2.251008180168385,19.273223520964358
common_voice_22_0_110,0.0,2.6355625,utt,-66.68275775331439,-59.00304067134857,2.251008180168385,4.4617156038681305
common_voice_22_0_602,0.0,1.7335625,utt,-54.98767160404624,-54.950423072366156,2.251008180168385,22.155544773126593
common_voice_22_0_97,0.0,3.9518,utt,-51.358900316455696,-49.98590558369954,2.2510036559209237,12.920115329458577
common_voice_22_0_995,0.0,1.04275,utt,-53.3659433218149,-50.01622876253995,2.2459043402934324,5.516486383680814
common_voice_22_0_839,0.0,1.9635,utt,-54.80619220344388,-51.95996366228376,2.2310137819537275,6.8402742965002545
common_voice_22_0_803,0.0,1.1088,utt,-57.04059772663288,-55.421871693929035,2.2310121794936593,21.787239661661754
common_voice_22_0_781,0.0,1.339,utt,-51.34447513409515,-50.51920291355678,2.2310105770335915,11.336378693196272
common_voice_22_0_726,0.0,1.2592,utt,-52.74444289434524,-51.8910186290741,2.2290676456777327,3.4023156583327783
common_voice_22_0_194,0.0,2.6053,utt,-64.37265026340997,-59.67380283496998,2.2290664394651953,6.490308617472733
common_voice_22_0_304,0.0,2.44625,utt,-52.50523357780612,-52.54116439819336,2.2290664394651953,17.395300749103107
common_voice_22_0_143,0.0,2.3575,utt,-50.963540287341104,-49.668623825599404,2.2218393270630425,9.017631049980013
common_voice_22_0_740,0.0,1.392375,utt,-54.960266552383096,-56.12154769897461,2.221838319995007,1.482326867764085
common_voice_22_0_1155,0.0,0.880375,utt,-71.49234841086648,-59.58682904924665,2.221838319995007,7.780313736995916
common_voice_22_0_573,0.0,1.5621875,utt,-54.276173127003204,-53.24268983539782,2.221838319995007,27.448620873238358
common_voice_22_0_1090,0.0,0.992875,utt,-48.94701901830808,-48.65515022277832,2.221838319995007,15.082288155762624
common_voice_22_0_208,0.0,2.5005,utt,-59.089953125,-57.79224763093171,2.221838319995007,7.137541558930831
common_voice_22_0_29,0.0,3.1070625,utt,-56.71003943930868,-55.86534830041834,2.221838319995007,5.993756483676933
common_voice_22_0_148,0.0,2.0150625,utt,-54.24060179455446,-53.64576944811591,2.221838319995007,3.6984999383924535
common_voice_22_0_581,0.0,1.414875,utt,-54.733897107712764,-54.82226265801324,2.221838319995007,11.086961465086002
common_voice_22_0_386,0.0,1.5709,utt,-55.91210315485669,-55.111514547596805,2.221838319995007,16.578818765713063
common_voice_22_0_823,0.0,1.0345,utt,-55.99526414593446,-55.5436031634991,2.221838319995007,14.915276788373411
common_voice_22_0_122,0.0,2.1546,utt,-57.42115734011628,-54.48261931846882,2.221838319995007,4.29539370922528
common_voice_22_0_700,0.0,1.3195625,utt,-58.50522682883523,-57.12491703033447,2.221838319995007,3.7670834227476817
common_voice_22_0_1071,0.0,0.9461,utt,-56.00788959703947,-55.17832641601562,2.221838319995007,7.081611898327171
common_voice_22_0_828,0.0,1.2045625,utt,-50.399560546875,-48.969108309064595,2.221838319995007,6.409097723402015
common_voice_22_0_404,0.0,1.8170625,utt,-48.945586152129124,-48.122399139404294,2.221838319995007,8.203120153625768
common_voice_22_0_588,0.0,1.6919,utt,-50.80479151257396,-50.46434088314281,2.2218363058589357,2.4341172343709356
common_voice_22_0_412,0.0,2.39975,utt,-51.322819010416666,-50.603788202459164,2.2218342917228644,12.222170531082755
common_voice_22_0_501,0.0,1.4888,utt,-52.56151360633389,-52.67270533243815,2.2140415910811266,10.650623633971911
common_voice_22_0_1210,0.0,0.3801875,utt,-55.55602384868421,-55.29904556274414,2.199296419053902,12.731262877837064
common_voice_22_0_906,0.0,1.176875,utt,-56.68092889300848,-58.62035604623648,2.192623620733288,10.615691487597779
common_voice_22_0_897,0.0,1.0713,utt,-53.58903603241822,-52.98963165283203,2.1926220294459307,10.61842897180116
common_voice_22_0_798,0.0,1.2165,utt,-50.76920706326844,-50.434550285339355,2.1926214990168114,14.833512213307543
common_voice_22_0_911,0.0,0.9718,utt,-53.4961440882732,-51.73290602366129,2.1926214990168114,24.423064673568746
common_voice_22_0_166,0.0,2.833375,utt,-52.14394117159894,-52.000295356467916,2.1926214990168114,13.814800876411486
common_voice_22_0_393,0.0,1.8631875,utt,-60.34391801075269,-59.45446638627486,2.1926214990168114,3.0482025792907397
common_voice_22_0_814,0.0,1.1121875,utt,-60.834208720439186,-58.291756766183035,2.1926214990168114,5.935114016344013
common_voice_22_0_842,0.0,1.2864,utt,-56.386431080426355,-55.460305531819664,2.1926214990168114,13.619644387029126
common_voice_22_0_368,0.0,1.7465625,utt,-56.228141741071425,-55.61753354753767,2.1899475860173907,5.469416289603242
common_voice_22_0_1109,0.0,0.7776,utt,-54.9443359375,-50.49692153930664,2.1664875223963413,12.200837887156787
common_voice_22_0_477,0.0,1.6026,utt,-50.926824951171874,-50.67619724273682,2.162536742235209,10.913960859738975
common_voice_22_0_1087,0.0,0.7926,utt,-54.28340709058544,-53.37336561414931,2.162536742235209,11.735852906083446
common_voice_22_0_276,0.0,2.2411,utt,-55.19319370814732,-54.493244647979736,2.1420885152172597,6.122051854404091
common_voice_22_0_985,0.0,1.3524,utt,-61.48662471064815,-59.603957176208496,2.137471997796068,2.7537909109686947
common_voice_22_0_932,0.0,1.4127,utt,-74.32319370567376,-62.17737718061967,2.136255485321563,3.9504624844283995
common_voice_22_0_508,0.0,1.5408,utt,-51.52748642958604,-51.08491096496582,2.136255485321563,3.434724253077956
common_voice_22_0_1106,0.0,1.5665625,utt,-50.880626119625795,-59.24293661117554,2.136255485321563,6.6500539231257285
common_voice_22_0_233,0.0,2.63425,utt,-55.526727364543724,-55.31636626632125,2.136255485321563,3.8102201958710964
common_voice_22_0_264,0.0,1.9584,utt,-54.68583585778061,-53.70153676546537,2.136255485321563,11.084106713524392
common_voice_22_0_612,0.0,1.4672,utt,-53.920240752551024,-51.99447822570801,2.136255485321563,7.29077577804223
common_voice_22_0_620,0.0,1.75025,utt,-53.86588169642857,-51.55616154390223,2.136255485321563,10.30235905549931
common_voice_22_0_133,0.0,1.8765625,utt,-61.629415309175535,-61.37218818664551,2.136255485321563,3.9835800652115463
common_voice_22_0_26,0.0,3.0833,utt,-52.33759575385552,-51.91789971328363,2.136255485321563,6.564435902123625
common_voice_22_0_266,0.0,1.5184,utt,-56.97067742598684,-55.49745620727539,2.136255011852346,1.6556618149003857
common_voice_22_0_84,0.0,2.6683,utt,-63.616331636235955,-58.535304478236604,2.1362545383831284,11.082051381460298
common_voice_22_0_514,0.0,1.578,utt,-54.53735042523734,-52.29332271375154,2.1362516975678236,7.66333472444418
common_voice_22_0_336,0.0,1.6859,utt,-57.43108589127219,-57.19856695695357,2.135757778605663,9.912645217877767
common_voice_22_0_1005,0.0,1.0574,utt,-50.61434072818396,-48.85044132579457,2.1339796904288257,4.344314065919962
common_voice_22_0_185,0.0,1.7851,utt,-52.255330176326815,-50.62472124452944,2.1257094530355465,15.502852717108683
common_voice_22_0_512,0.0,1.2274,utt,-62.69491949314025,-60.06551380157471,2.1257094530355465,24.312501280423515
common_voice_22_0_51,0.0,2.994,utt,-57.29113320443144,-56.05465842582084,2.124346575600473,3.389531885002608
common_voice_22_0_935,0.0,1.1444,utt,-57.98411800986842,-57.07411634005033,2.124346575600473,8.858210614095384
common_voice_22_0_128,0.0,2.307375,utt,-59.983948018127705,-59.20549601893271,2.116326484604777,6.516489052568044
common_voice_22_0_535,0.0,1.6015625,utt,-60.377374267578126,-57.91282348632812,2.1163255083689205,6.15547291064399
common_voice_22_0_473,0.0,1.512375,utt,-54.37238074296358,-52.32827892303467,2.1163250202509922,0.778768836504188
common_voice_22_0_1082,0.0,0.7755625,utt,-58.041810647035255,-55.81211386786567,2.1117106298925505,2.344528158828531
common_voice_22_0_601,0.0,1.393375,utt,-51.52413655013489,-50.66302916582893,2.1048083235184913,12.22633448376444
common_voice_22_0_1048,0.0,1.1111,utt,-51.42813907657658,-51.60892937400124,2.1048068872289285,4.350962728193343
common_voice_22_0_905,0.0,0.96975,utt,-57.04921069587629,-54.61716149070046,2.087811594800547,4.70074521870337
common_voice_22_0_449,0.0,1.6405625,utt,-56.11434117759146,-54.578313918340776,2.0878095301314032,6.4485275607647345
common_voice_22_0_841,0.0,1.4630625,utt,-54.999575262200345,-52.11309462327223,2.0878095301314032,7.074227083232191
common_voice_22_0_318,0.0,2.113375,utt,-58.40167265254739,-56.70387729008993,2.0789581460542745,3.8319811062626634
common_voice_22_0_687,0.0,1.2701,utt,-62.59103561761811,-59.79550337791443,2.0769671213899694,7.476047787291272
common_voice_22_0_212,0.0,2.5259,utt,-56.10849493577075,-54.52003308000236,2.073547764074233,8.679581682516591
common_voice_22_0_23,0.0,3.2416875,utt,-56.54591049382716,-56.92005087199964,2.0735457238849038,16.31339011211216
common_voice_22_0_681,0.0,1.2790625,utt,-49.581233978271484,-48.85957893958459,2.0735457238849038,9.185566179176314
common_voice_22_0_500,0.0,1.54275,utt,-52.1870022067776,-50.6041036605835,2.0735457238849038,15.721159300072557
common_voice_22_0_916,0.0,0.936375,utt,-54.061990940824465,-52.163544394753195,2.073544703790239,12.440038307705134
common_voice_22_0_466,0.0,1.61525,utt,-55.789333767361114,-54.732662401701276,2.073544703790239,6.527140563281
common_voice_22_0_192,0.0,2.009875,utt,-52.8017480954602,-53.14281717936198,2.0735436836955743,24.653241050397156
common_voice_22_0_1037,0.0,0.886,utt,-53.84799640098315,-53.3339299288663,2.0735436836955743,10.513947398964012
common_voice_22_0_486,0.0,1.6848,utt,-51.377464657738095,-49.91143738596063,2.0735436836955743,5.645380452081243
common_voice_22_0_124,0.0,2.5286,utt,-57.6847633090415,-55.57889325278146,2.0735436836955743,11.833645780729633
common_voice_22_0_589,0.0,2.4418,utt,-50.43617523693648,-49.41893005371094,2.0735436836955743,16.24870543719283
common_voice_22_0_880,0.0,1.0315625,utt,-56.762401395631066,-56.89466667175293,2.0735436836955743,8.081942305502185
common_voice_22_0_639,0.0,1.311375,utt,-54.43931148616412,-56.14622175693512,2.0735436836955743,5.378869046788298
common_voice_22_0_959,0.0,1.5151,utt,-50.2946134868421,-50.128360054709695,2.0735436836955743,9.598227928812785
common_voice_22_0_725,0.0,1.3385625,utt,-53.32241138059702,-52.2193763256073,2.0735436836955743,12.850845125981667
common_voice_22_0_1206,0.0,0.76475,utt,-49.50855777138158,-51.29003715515137,2.0735436836955743,14.478489428174434
common_voice_22_0_1123,0.0,1.659,utt,-48.59496482021837,-50.106117248535156,2.0735436836955743,12.98654058122671
common_voice_22_0_673,0.0,1.304375,utt,-51.551453575721155,-51.49747758753159,2.0735436836955743,12.555350593109392
common_voice_22_0_614,0.0,1.5979,utt,-50.57694091796875,-50.1783664226532,2.0735436836955743,7.026517775084601
common_voice_22_0_360,0.0,1.856875,utt,-53.39341817876344,-52.41537807298743,2.0735436836955743,24.31351008626321
common_voice_22_0_1187,0.0,0.6939,utt,-54.33016658174819,-56.841860961914065,2.0735436836955743,9.405110711319118
common_voice_22_0_1066,0.0,0.8359,utt,-50.912940615699405,-48.91918754577637,2.0735436836955743,9.835834763748926
common_voice_22_0_716,0.0,1.3379,utt,-52.428415782416046,-51.22940444946289,2.0735436836955743,9.831713673816846
common_voice_22_0_625,0.0,2.0639,utt,-50.845797936893206,-56.07448697090149,2.0735436836955743,14.723309086481985
common_voice_22_0_177,0.0,2.1239,utt,-52.7061606353184,-52.11250239405139,2.0735436836955743,10.733711117326749
common_voice_22_0_241,0.0,2.4555,utt,-53.16723831300813,-53.08503987238957,2.0735436836955743,14.526776327813295
common_voice_22_0_102,0.0,2.4232,utt,-56.76470896823347,-54.62674260139465,2.0537713135342752,2.133052320992423
common_voice_22_0_703,0.0,1.269875,utt,-54.86869848056102,-54.273077392578124,2.0533894353134583,5.1409131808825705
common_voice_22_0_778,0.0,1.128375,utt,-51.6727046460177,-50.42304583958217,2.0276404466530162,11.97381356376826
common_voice_22_0_1199,0.0,0.492875,utt,-50.82533482142857,-52.48857307434082,2.0276395902204722,8.136622360152737
common_voice_22_0_1178,0.0,0.6218,utt,-54.311743951612904,-53.38812026977539,2.0276395902204722,8.413983122127043
common_voice_22_0_1031,0.0,1.00825,utt,-55.5965684947401,-53.297755813598634,2.0276395902204722,9.43465699972898
common_voice_22_0_1054,0.0,0.841875,utt,-54.93470400855655,-54.10632858276367,2.0276395902204722,15.993783238633931
common_voice_22_0_787,0.0,1.1939,utt,-56.701668362657564,-54.6625189099993,2.027639376112336,7.919883039549582
common_voice_22_0_121,0.0,2.4208,utt,-59.850594008264466,-58.00050006193273,2.027638733787928,-0.2784517626972871
common_voice_22_0_1016,0.0,0.9926,utt,-46.386269925820706,-45.79737154642741,2.027638733787928,10.657641127295992
common_voice_22_0_140,0.0,2.288,utt,-54.78873840065502,-54.536029134477886,2.026697749668716,7.194117897730399
common_voice_22_0_311,0.0,1.8556875,utt,-56.261382728494624,-55.10384386236017,2.026697749668716,5.6692141133459195
common_voice_22_0_579,0.0,1.2856875,utt,-61.11003739704457,-59.15691566467285,2.021786596506149,23.595807526980384
common_voice_22_0_765,0.0,1.4206875,utt,-55.046830298195424,-52.848512537339154,2.0141608617465545,6.8791510312103235
common_voice_22_0_1114,0.0,0.6544,utt,-52.178662109375,-51.17491674423218,2.0141608617465545,13.463402607442038
common_voice_22_0_696,0.0,1.56,utt,-57.045967297676285,-56.906958411721625,2.0141608617465545,10.476872952091242
common_voice_22_0_381,0.0,1.5853,utt,-56.090230689858494,-55.71026559309526,2.011716980479361,14.663928009795967
common_voice_22_0_475,0.0,2.5070625,utt,-50.164801730577686,-51.91940002441406,2.0117135775513337,13.727492819382768
common_voice_22_0_489,0.0,1.9659,utt,-52.606251982868024,-55.64911370528372,1.9943657228989236,17.5781753711095
common_voice_22_0_297,0.0,2.2356875,utt,-50.937347412109375,-48.74838668823242,1.9943638290220538,8.524022585058782
common_voice_22_0_888,0.0,1.1001,utt,-55.60068359375,-54.33599442702074,1.9943638290220538,11.464242855495602
common_voice_22_0_1009,0.0,1.163375,utt,-58.990217537715516,-59.2327667872111,1.9943638290220538,4.944951901548665
common_voice_22_0_936,0.0,1.6195625,utt,-57.45946059992284,-51.88770206157978,1.9943631188182276,12.388244275597843
common_voice_22_0_889,0.0,1.2775,utt,-51.39772033691406,-50.96323637528853,1.994361935145184,11.984511205221107
common_voice_22_0_285,0.0,2.0506875,utt,-58.40350133384146,-57.41724189122518,1.994361935145184,7.228551165180383
common_voice_22_0_308,0.0,2.0796,utt,-55.63060584435096,-55.20449295043945,1.994361935145184,6.543972244381136
common_voice_22_0_653,0.0,1.650875,utt,-59.97834990530303,-57.0883252620697,1.9924110690979577,5.314170119441089
common_voice_22_0_953,0.0,1.118,utt,-46.53253609793527,-45.17218844095866,1.9924100947235568,20.25660377156499
common_voice_22_0_843,0.0,1.3021875,utt,-57.13525766225962,-55.30007993257963,1.9924100947235568,2.6909207400265043
common_voice_22_0_699,0.0,1.26225,utt,-57.979027157738095,-56.850539207458496,1.9924100947235568,11.376678019218813
common_voice_22_0_706,0.0,1.5052,utt,-51.81634157698676,-48.651945675120636,1.9924100947235568,2.8452583581005673
common_voice_22_0_998,0.0,1.159,utt,-52.9989013671875,-51.448631286621094,1.9924100947235568,8.165972123903746
common_voice_22_0_878,0.0,1.2795,utt,-54.19157409667969,-52.30169486999512,1.9924100947235568,8.163520948807884
common_voice_22_0_513,0.0,1.3641,utt,-52.75264964384191,-51.507487648411804,1.9924100947235568,7.969997780634042
common_voice_22_0_631,0.0,1.30325,utt,-49.659731820913464,-48.119601249694824,1.9924100947235568,10.238043682593858
common_voice_22_0_413,0.0,1.6861,utt,-50.972893167529584,-50.42937030792236,1.9924100947235568,11.722610722229025
common_voice_22_0_94,0.0,2.7576,utt,-53.88888770946558,-53.081084442138675,1.991393420166071,25.88596872670154
common_voice_22_0_977,0.0,1.0156,utt,-54.16889744178921,-54.35502712543194,1.9776663803296008,18.43112610843238
common_voice_22_0_310,0.0,2.1301875,utt,-54.78426221390845,-54.949869314829506,1.9733836983356872,5.969808611343323
common_voice_22_0_608,0.0,1.7108,utt,-52.59171692251462,-52.2920765346951,1.968055375271736,3.1722869546260792
common_voice_22_0_572,0.0,1.7512,utt,-49.38236049107143,-48.558363521800324,1.968053681051366,18.106390196944872
common_voice_22_0_418,0.0,1.625375,utt,-59.33663846817485,-58.83502263608186,1.968053681051366,7.899789445457021
common_voice_22_0_510,0.0,1.61175,utt,-52.026009316770185,-52.08985428583054,1.968053681051366,9.050564317666932
common_voice_22_0_345,0.0,2.7241875,utt,-51.52479822495405,-52.262906574067614,1.968053681051366,15.368914861332529
common_voice_22_0_1051,0.0,1.02625,utt,-57.69408468598301,-58.13525505065918,1.9677059630229277,2.0667753453587245
common_voice_22_0_351,0.0,1.9224,utt,-65.29542032877605,-59.73831259686014,1.9677044399832817,2.9892064969236287
common_voice_22_0_758,0.0,1.8157,utt,-68.50075120192308,-58.39150374276297,1.96601077542181,8.575722894441988
common_voice_22_0_448,0.0,1.9346,utt,-60.5318622490285,-58.360840190540664,1.9621658514284386,4.266820345684655
common_voice_22_0_90,0.0,2.906875,utt,-53.32764846434708,-51.22729515306877,1.9621642489683706,4.987523254986193
common_voice_22_0_319,0.0,2.9493,utt,-52.84872881355932,-54.797328313191734,1.9621642489683706,14.86144283922678
common_voice_22_0_309,0.0,1.975,utt,-61.792130287247474,-58.96355139690897,1.9621642489683706,15.109356786730705
common_voice_22_0_629,0.0,1.1921875,utt,-55.537938222163866,-53.96680001651539,1.9621638483533537,8.161682414394795
common_voice_22_0_1166,0.0,0.6040625,utt,-62.3659423828125,-61.69440623692104,1.9621634477383367,11.304324145295247
common_voice_22_0_173,0.0,2.8305625,utt,-52.25558331492933,-53.49314498901367,1.9621626465083026,11.871857196000297
common_voice_22_0_830,0.0,1.2594,utt,-58.15573071676587,-56.536688486735024,1.9621626465083026,7.243479787466461
common_voice_22_0_207,0.0,2.1253,utt,-50.701281910211264,-49.515913009643555,1.9621626465083026,8.967479055769978
common_voice_22_0_105,0.0,2.4047,utt,-51.327494303385414,-50.204994632351784,1.9621594415881667,13.113710952874278
common_voice_22_0_214,0.0,2.0390625,utt,-55.62665153952206,-55.07811584472656,1.9617601735655659,15.627701633659036
common_voice_22_0_1130,0.0,1.1025,utt,-54.89953835227273,-55.034879956926616,1.960099056469772,-0.3275625032570346
common_voice_22_0_295,0.0,1.890875,utt,-55.09531560019841,-54.19546425860861,1.9600977898815128,19.932714850216165
common_voice_22_0_167,0.0,2.2775,utt,-55.87185615405702,-54.73747016643656,1.957057608727815,11.366328019617475
common_voice_22_0_847,0.0,1.3131875,utt,-53.95248389790076,-51.9182492574056,1.957057608727815,8.405300353721172
common_voice_22_0_920,0.0,1.1801875,utt,-54.506918697033896,-54.01659670743075,1.957057608727815,2.5443845888833074
common_voice_22_0_71,0.0,2.8308,utt,-51.990006625441694,-50.84624515880238,1.9570573883797844,6.588765304111529
common_voice_22_0_33,0.0,2.93475,utt,-58.455251439846414,-57.38131283491086,1.9560510471259775,8.015372943495635
common_voice_22_0_307,0.0,2.5216875,utt,-50.01074993799603,-49.10984057471866,1.9533873726420057,8.741245607394317
common_voice_22_0_849,0.0,1.2041,utt,-54.30813395182292,-53.00319617135184,1.9449803331982558,8.480479399727484
common_voice_22_0_736,0.0,1.3551875,utt,-55.33974681181066,-53.992949930826825,1.935677975531757,13.325773860869965
common_voice_22_0_88,0.0,2.5116875,utt,-58.18589314616534,-58.26571621614344,1.9349017243512536,18.930619791564844
common_voice_22_0_600,0.0,1.4389,utt,-53.833950466579864,-51.41561317443848,1.9325908484137835,6.962748949205041
common_voice_22_0_83,0.0,2.6131,utt,-62.42096204501916,-60.17975870768229,1.9309396109010288,3.8346236111002003
common_voice_22_0_837,0.0,1.2458,utt,-61.423703125,-59.585342113788315,1.9297837828029374,8.130650848431014
common_voice_22_0_432,0.0,1.9669,utt,-64.79419317100253,-61.936744489167864,1.9255836504045025,1.0313064100161515
common_voice_22_0_286,0.0,2.0091,utt,-56.99596742848259,-56.225782121930806,1.9255829266397828,11.676698217083032
common_voice_22_0_1073,0.0,0.8255,utt,-63.689682558358435,-62.16389083862305,1.9146139847678139,10.421195634687514
common_voice_22_0_861,0.0,1.2721,utt,-54.91442006028543,-53.88986704899715,1.9116433938024084,9.697989100218114
common_voice_22_0_1207,0.0,0.3680625,utt,-57.93784971494932,-61.04143142700195,1.9115397940068493,9.807645637433254
common_voice_22_0_1147,0.0,0.6623,utt,-54.02161754261363,-52.593534742082866,1.8918554068336901,7.359585667474207
common_voice_22_0_439,0.0,2.2035,utt,-61.720152698863636,-55.90235943264432,1.8882922538579523,13.700919884581733
common_voice_22_0_350,0.0,1.799,utt,-51.87137044270833,-51.29269599914551,1.8882922538579523,15.859508796028434
common_voice_22_0_1013,0.0,0.9200625,utt,-53.53510848335598,-54.40551681518555,1.8860334976435713,13.083200276996862
common_voice_22_0_453,0.0,2.5305,utt,-51.48208606101779,-52.3030309677124,1.8839267113129914,17.38385491235478
common_voice_22_0_291,0.0,2.0355625,utt,-58.391591988357845,-57.39075597127279,1.8839226830408489,7.892119855521914
common_voice_22_0_502,0.0,1.636375,utt,-56.07386147103659,-55.38554623252467,1.8839226830408489,4.847965029248133
common_voice_22_0_281,0.0,2.214375,utt,-59.94652326074661,-58.457944793701174,1.8839226830408489,2.0535677535327075
common_voice_22_0_595,0.0,1.855375,utt,-63.764994959677416,-56.35047382778592,1.8839226830408489,11.624576726819198
common_voice_22_0_187,0.0,1.8791875,utt,-52.648671251662236,-52.11809158325195,1.8839226830408489,7.795574899376877
common_voice_22_0_405,0.0,1.7364,utt,-54.86268633261494,-53.75947919099227,1.8839224312738398,8.150858327487517
common_voice_22_0_650,0.0,1.4321875,utt,-53.95380791083916,-52.40564189237707,1.8839224312738398,14.557997920905288
common_voice_22_0_894,0.0,1.0473,utt,-51.22372116815476,-50.671369992769684,1.8823537247695337,9.151166529757651
common_voice_22_0_1020,0.0,0.9799,utt,-55.51827068718112,-54.466607666015626,1.8805429627132073,11.310061348126206
common_voice_22_0_408,0.0,2.262,utt,-53.81654020326327,-53.41563346169212,1.8787426896537314,7.315372567428906
common_voice_22_0_709,0.0,1.5761875,utt,-55.43482372428797,-55.30961990356445,1.8714871576337213,5.819316733453444
common_voice_22_0_1027,0.0,1.0208,utt,-51.46961645986519,-51.826206588745116,1.8714871576337213,6.117411802947792
common_voice_22_0_161,0.0,1.966,utt,-56.24372917988579,-54.80900001525879,1.8714865921027886,2.552713838020299
common_voice_22_0_384,0.0,1.41175,utt,-52.657094968971634,-50.55015100751604,1.8676829681884564,6.710707524541803
common_voice_22_0_377,0.0,2.2513,utt,-51.83064236111111,-50.40669146451083,1.867681384982673,11.554175953504814
common_voice_22_0_199,0.0,2.0934,utt,-59.16274484150718,-57.07491275242397,1.8638391510077204,16.03943098490786
common_voice_22_0_965,0.0,1.14925,utt,-51.08921959918478,-49.763094902038574,1.8638377147181577,8.549750760071213
common_voice_22_0_144,0.0,2.6754,utt,-59.843210704291046,-54.919963968211206,1.8638377147181577,8.968402547883933
common_voice_22_0_933,0.0,1.0496875,utt,-54.971126302083334,-54.89988503089318,1.8563086848305634,17.043669172104003
common_voice_22_0_940,0.0,1.0044,utt,-51.4576904296875,-51.360076586405434,1.850968190642214,2.848902850252781
common_voice_22_0_126,0.0,2.3995625,utt,-62.706494140625,-62.23967564900716,1.850968190642214,2.214445795247192
common_voice_22_0_680,0.0,1.230875,utt,-62.372510956554876,-60.28007960319519,1.850968190642214,7.424002804013954
common_voice_22_0_145,0.0,2.0836,utt,-54.80235407902644,-54.83069158483435,1.850968190642214,5.966312892817642
common_voice_22_0_1192,0.0,0.47275,utt,-47.31180393949468,-50.452059745788574,1.8497176471019843,13.998560363553366
common_voice_22_0_876,0.0,1.8840625,utt,-62.324556391289896,-50.71036847432455,1.8410237479639784,5.737690670586732
common_voice_22_0_279,0.0,1.9501,utt,-53.81111278044872,-52.519431591033936,1.8402128790293246,5.044081902371683
common_voice_22_0_939,0.0,1.0967,utt,-47.41377397017045,-46.47658890944261,1.8366590039301107,15.098235197789116
common_voice_22_0_791,0.0,1.59775,utt,-67.3963134765625,-66.29465001424154,1.8366568822136335,6.206800909154126
common_voice_22_0_941,0.0,1.0494,utt,-51.36109561011905,-49.38996817848899,1.8366568822136335,3.075624297561575
common_voice_22_0_966,0.0,0.7961,utt,-55.888189697265624,-55.14702016657049,1.8366568822136335,21.031779808126153
common_voice_22_0_151,0.0,2.129,utt,-51.09293390551643,-49.48257214682443,1.8366568822136335,6.297758555914989
common_voice_22_0_698,0.0,1.9531875,utt,-50.93915765224359,-55.753779888153076,1.8366568822136335,16.680897590097786
common_voice_22_0_853,0.0,1.255,utt,-54.50816514756944,-52.44297136579241,1.8366568822136335,6.610959674432763
common_voice_22_0_1004,0.0,1.1016,utt,-52.16482599431818,-50.46026763916016,1.836656616999074,7.334184965785125
common_voice_22_0_942,0.0,1.3241,utt,-53.315725615530305,-51.62382371085031,1.836655821355395,9.674426259364086
common_voice_22_0_82,0.0,4.13,utt,-47.20268046307506,-49.47884728567941,1.8366526387806792,15.589803491388707
common_voice_22_0_287,0.0,1.7150625,utt,-47.5066400572311,-46.19482838023793,1.836551961193942,12.901923053611517
common_voice_22_0_47,0.0,2.9676875,utt,-52.21798058712121,-51.46683406829834,1.8346037143928822,25.098018307024237
common_voice_22_0_455,0.0,1.7450625,utt,-52.86779575892857,-53.228744143531436,1.8294180593969023,6.492615557780995
common_voice_22_0_996,0.0,1.0283,utt,-54.060617983919904,-52.761871019999184,1.826477508151299,15.464454304026178
common_voice_22_0_1190,0.0,0.460875,utt,-53.16129734205163,-50.66994857788086,1.8243281552128334,6.664771135014734
common_voice_22_0_945,0.0,1.0731875,utt,-56.57201007593458,-57.21133327484131,1.8243278536596992,5.071475489827353
common_voice_22_0_162,0.0,1.9598,utt,-53.31870814732143,-52.40295423780169,1.8185159751128706,3.5065337686680635
common_voice_22_0_1040,0.0,0.7695625,utt,-58.605747767857146,-57.8664304559881,1.8185150281744356,16.736389632348537
common_voice_22_0_89,0.0,3.050875,utt,-52.30016009221311,-51.734997020048255,1.8185147914398267,16.23472980663825
common_voice_22_0_912,0.0,1.2828,utt,-64.431640625,-56.791171482631135,1.8185140812360006,13.437021645008796
common_voice_22_0_292,0.0,1.5237,utt,-57.86655144942434,-56.56026570002238,1.8185140812360006,11.069710668826731
common_voice_22_0_668,0.0,1.6776875,utt,-57.789515904017854,-51.81128459506564,1.8185140812360006,9.274675666105669
common_voice_22_0_980,0.0,1.2486875,utt,-68.276828125,-61.52175649007162,1.818312181314545,5.619433820699442
common_voice_22_0_607,0.0,1.4719,utt,-60.18499548256803,-58.20715480380588,1.818312181314545,6.866357176075631
common_voice_22_0_371,0.0,1.684,utt,-59.15528506324405,-58.75989850362142,1.818312181314545,10.589292496306951
common_voice_22_0_1026,0.0,0.880375,utt,-52.66395152698863,-51.80092112223307,1.818310975102008,4.493177650464846
common_voice_22_0_443,0.0,2.7820625,utt,-48.82355834082734,-53.10859510633681,1.8183097688894707,10.099065711655733
common_voice_22_0_655,0.0,1.4515,utt,-53.83666823814655,-52.18145303165211,1.8169541339807385,3.251844896720158
common_voice_22_0_730,0.0,1.0756,utt,-48.0478515625,-48.002929142543245,1.8030985854419999,12.114497851288254
common_voice_22_0_228,0.0,2.3055,utt,-68.18630783279221,-64.19852885493526,1.8017115857658748,10.32587187384333
common_voice_22_0_644,0.0,1.4063,utt,-59.99727116578014,-58.675452182167454,1.8017115857658748,2.3368557020089504
common_voice_22_0_300,0.0,2.2124,utt,-54.07143930288461,-54.48353057861328,1.8017115857658748,10.710185235064408
common_voice_22_0_313,0.0,2.67275,utt,-56.18679043773408,-59.448658068974815,1.8017115857658748,18.79076714449892
common_voice_22_0_872,0.0,1.0994,utt,-60.02998934659091,-56.95514602661133,1.8017115857658748,4.810132768429801
common_voice_22_0_136,0.0,2.0334,utt,-56.53958205049261,-56.20590387980143,1.8017115857658748,14.034556712690796
common_voice_22_0_158,0.0,2.211,utt,-57.39021404835973,-55.47784055982317,1.8017115857658748,2.275889269024935
common_voice_22_0_647,0.0,1.7705,utt,-62.408512093926554,-56.63581424289279,1.8017115857658748,12.397503800667224
common_voice_22_0_656,0.0,1.468375,utt,-57.30821508290816,-55.55588486615349,1.8017115857658748,6.8161030963471525
common_voice_22_0_217,0.0,1.8301,utt,-53.39374146174863,-51.578851470947264,1.8017113353814893,4.657245055894508
common_voice_22_0_1165,0.0,0.6731875,utt,-60.15313083022388,-56.18454806009928,1.8017113353814893,4.943972873644739
common_voice_22_0_626,0.0,1.2785625,utt,-57.081539154052734,-55.81085137759938,1.8017111851508578,4.862742992554956
common_voice_22_0_339,0.0,1.850375,utt,-59.684306376689186,-58.59762228102911,1.8017083808457388,9.961324346494461
common_voice_22_0_235,0.0,2.3756875,utt,-58.28463514311975,-58.88251715440016,1.8008316771338055,7.000014403939977
common_voice_22_0_756,0.0,1.23825,utt,-51.562358240927416,-50.78088266709272,1.8008316771338055,7.680032751140754
common_voice_22_0_174,0.0,2.0242,utt,-61.26042311262376,-59.92098401387533,1.8008316771338055,11.44639255722953
common_voice_22_0_259,0.0,1.6553,utt,-53.15867375753012,-51.599646360977836,1.8008312272130163,8.81129064745692
common_voice_22_0_605,0.0,1.627875,utt,-54.09757237346626,-53.26408928319027,1.8008307772922272,8.849847277124306
common_voice_22_0_389,0.0,1.72875,utt,-54.71506389992775,-53.56660594110904,1.8008307772922272,3.656404237732456
common_voice_22_0_599,0.0,2.308,utt,-50.385361708603895,-51.88017696804471,1.8008307772922272,13.844033663558085
common_voice_22_0_575,0.0,1.5941,utt,-51.54170351808176,-51.26280616311466,1.8008280777674919,8.325279846618805
common_voice_22_0_991,0.0,1.0146875,utt,-54.08651280167079,-53.85550100153143,1.7998343479429568,20.077681147842622
common_voice_22_0_1012,0.0,0.9637,utt,-53.82727559407552,-52.680789947509766,1.7927890271629954,8.5565834620337
common_voice_22_0_596,0.0,1.7416,utt,-58.77898257902299,-57.497451570298935,1.7887564003833454,3.6566254300006342
common_voice_22_0_762,0.0,1.5135625,utt,-55.09603295736755,-52.00264104207357,1.788755424147489,9.577834915400272
common_voice_22_0_530,0.0,1.4633,utt,-49.883140250428085,-46.35988563961453,1.7820333151867076,21.398434914021323
common_voice_22_0_867,0.0,1.0006875,utt,-54.9866845703125,-53.994066874186196,1.7762005744053146,17.35978497858162
common_voice_22_0_1134,0.0,0.82025,utt,-53.92410799352134,-52.79986354282924,1.773000715795075,8.189146103303912
common_voice_22_0_425,0.0,2.3263,utt,-49.19771408932404,-50.962837028503415,1.758889144006682,20.000958065733652
common_voice_22_0_1150,0.0,0.7175,utt,-50.83314005533854,-52.14460754394531,1.75543607475537,15.921028273354427
common_voice_22_0_523,0.0,1.5411875,utt,-59.839678875811686,-55.24650821685791,1.75070274552253,11.870908887805582
common_voice_22_0_81,0.0,2.418375,utt,-53.302524535123965,-52.74277970597551,1.75070274552253,14.80928790215538
common_voice_22_0_519,0.0,1.6449,utt,-54.76808427019817,-51.92170715332031,1.75070274552253,10.487920142672309
common_voice_22_0_645,0.0,1.8596875,utt,-63.30137978830645,-62.65408646432977,1.75070274552253,1.6523833670788495
common_voice_22_0_856,0.0,1.0034,utt,-57.6056103515625,-54.93380083356585,1.75070274552253,8.888614395295647
common_voice_22_0_1056,0.0,0.8549,utt,-56.269801240808825,-53.665031814575194,1.75070274552253,6.921294833331572
common_voice_22_0_511,0.0,2.1575625,utt,-56.579928927951386,-55.94723659091525,1.75070274552253,11.633404501808561
common_voice_22_0_590,0.0,1.513375,utt,-55.77837851821192,-55.72527503967285,1.75070274552253,9.550647085256768
common_voice_22_0_786,0.0,1.1188,utt,-52.06728254045759,-52.19641647338867,1.75070274552253,12.866363578812141
common_voice_22_0_820,0.0,1.0846,utt,-56.700009946469905,-56.2351323445638,1.7507023864501392,6.222155530163793
common_voice_22_0_679,0.0,1.23025,utt,-54.60861677464431,-53.148926734924316,1.7507013092329673,3.0256461501487752
common_voice_22_0_580,0.0,1.6868,utt,-51.868308524408285,-50.5741985722592,1.745275723181907,9.295339498771439
common_voice_22_0_397,0.0,1.79325,utt,-53.38321076291899,-52.855111621675036,1.7402713578692055,10.01578606085055
common_voice_22_0_764,0.0,1.1142,utt,-56.3524070945946,-54.92570612980769,1.7402696450041168,11.265178823777758
common_voice_22_0_115,0.0,2.6513,utt,-57.583899616745285,-56.503980578798235,1.7402683603553004,7.108857246097749
common_voice_22_0_542,0.0,1.3138,utt,-53.9568970658397,-52.60165472591625,1.7402679321390282,21.39929698268442
common_voice_22_0_627,0.0,1.4745,utt,-54.90696415284864,-53.67711482328527,1.7402679321390282,13.324376867597499
common_voice_22_0_915,0.0,1.1756875,utt,-59.215600999735166,-53.17530475963246,1.7356850908143018,3.4603410763781497
common_voice_22_0_604,0.0,1.3680625,utt,-53.653748004105836,-52.99434280395508,1.7356850908143018,22.158857170783598
common_voice_22_0_171,0.0,2.2546875,utt,-56.5373046875,-55.98757784707205,1.7312611199359564,29.33935030533093
common_voice_22_0_760,0.0,1.8722,utt,-62.55340804645722,-52.5324649810791,1.731257039557298,11.990753652151703
common_voice_22_0_1064,0.0,0.8451,utt,-61.82682100183823,-53.623543633355034,1.731257039557298,11.469889348899763
common_voice_22_0_231,0.0,2.253875,utt,-57.521796875,-57.813845267662636,1.731257039557298,3.3875427830463387
common_voice_22_0_1102,0.0,1.238875,utt,-51.205050560735884,-49.13565444946289,1.731257039557298,11.878131019171558
common_voice_22_0_934,0.0,0.9589,utt,-45.057098388671875,-43.63223012288412,1.731257039557298,8.359324195972558
common_voice_22_0_632,0.0,1.7778,utt,-59.48955407303371,-56.14362653096517,1.731257039557298,2.7544850212013827
common_voice_22_0_218,0.0,2.1641,utt,-52.928475839120374,-51.997976797598376,1.731257039557298,8.735821379328847
common_voice_22_0_753,0.0,1.1275,utt,-52.27832895464602,-50.43572158813477,1.731257039557298,4.389610103586119
common_voice_22_0_1077,0.0,1.672875,utt,-67.08160436938623,-52.840425703260635,1.731257039557298,15.991157940777793
common_voice_22_0_1135,0.0,0.7653,utt,-54.42789290787338,-52.40407991409302,1.731257039557298,9.72927815029886
common_voice_22_0_329,0.0,1.6106,utt,-53.29830041731366,-53.0024472112241,1.731257039557298,14.155065011375207
common_voice_22_0_568,0.0,1.611375,utt,-55.335258152173914,-54.34941783704256,1.731257039557298,10.00912240095216
common_voice_22_0_444,0.0,1.9609,utt,-50.59058613679847,-50.53664155439897,1.731257039557298,12.530376083447491
common_voice_22_0_1049,0.0,0.7673,utt,-54.48298625202922,-53.48483403523763,1.731257039557298,23.224084037336976
common_voice_22_0_724,0.0,1.847,utt,-52.63804898648649,-55.33620616367885,1.731257039557298,10.519091251715476
common_voice_22_0_531,0.0,1.6464,utt,-53.20173413825758,-52.80713653564453,1.731257039557298,1.9997377424594323
common_voice_22_0_570,0.0,1.7071,utt,-52.883075201023395,-52.032761222437806,1.731257039557298,9.050939386968757
common_voice_22_0_1052,0.0,0.993375,utt,-53.69464172979798,-52.565489682284266,1.731257039557298,9.591376545501657
common_voice_22_0_107,0.0,2.83325,utt,-54.50244313162544,-55.85121062494093,1.731257039557298,12.014006152628978
common_voice_22_0_1159,0.0,0.7262,utt,-49.04963077910959,-48.49166979108538,1.731257039557298,10.666820434743636
common_voice_22_0_485,0.0,1.4139,utt,-55.719612283909576,-55.57731294631958,1.731257039557298,12.453507419774713
common_voice_22_0_954,0.0,0.8921,utt,-55.07354942064607,-52.33018207550049,1.731257039557298,11.67892609851803
common_voice_22_0_1000,0.0,1.0263,utt,-51.948109450849515,-51.91218662261963,1.7312567845336317,7.837235869344511
common_voice_22_0_282,0.0,1.914375,utt,-49.11940138252618,-47.945035200852615,1.7312567845336317,15.538571582443549
common_voice_22_0_524,0.0,1.4186875,utt,-53.87166455765845,-54.22677455228918,1.7312560194626334,7.5645473996226045
common_voice_22_0_691,0.0,1.2377,utt,-54.5875244140625,-54.23905787748449,1.7312549993679687,6.490896824672763
common_voice_22_0_567,0.0,1.601375,utt,-58.712152099609376,-58.15443878173828,1.730280264831197,17.43035619266019
common_voice_22_0_720,0.0,1.6116,utt,-51.50144967973603,-51.44624924659729,1.7292905927345137,16.27759853779596
common_voice_22_0_180,0.0,2.297375,utt,-51.29392408288044,-49.2524151120867,1.7262623628977845,5.198950112887134
common_voice_22_0_1182,0.0,0.5688,utt,-49.47644685444079,-48.93324279785156,1.7262592789942597,9.136598243076655
common_voice_22_0_986,0.0,1.3105625,utt,-60.80782964575382,-59.67307489568537,1.7262591726527587,3.532765997062583
common_voice_22_0_883,0.0,1.7279,utt,-52.023443144869944,-50.26343477689303,1.726258959969757,16.810719859422576
common_voice_22_0_609,0.0,1.6573,utt,-55.03598573983434,-54.93930625915527,1.726258959969757,9.468448195935213
common_voice_22_0_583,0.0,2.2388,utt,-50.63908168247768,-54.63030751546224,1.726258959969757,15.481611250723045
common_voice_22_0_28,0.0,3.4346,utt,-53.888501047740526,-52.86719729683616,1.7225229217374323,14.45047488914999
common_voice_22_0_1163,0.0,0.61075,utt,-53.86669921875,-52.84423319498698,1.7134792722484515,28.75602659341746
common_voice_22_0_294,0.0,1.9265625,utt,-60.55402465187824,-57.308493773142494,1.6992406890735214,0.8951062163966501
common_voice_22_0_86,0.0,2.536875,utt,-56.903501015009844,-56.715853783392134,1.6992406890735214,4.447832562446074
common_voice_22_0_55,0.0,3.0506,utt,-54.875653176229505,-53.444267166985405,1.6992406890735214,2.1521347735279743
common_voice_22_0_265,0.0,1.799875,utt,-58.425699869791664,-56.90950393676758,1.6992406890735214,4.471565611641179
common_voice_22_0_223,0.0,1.8250625,utt,-54.277738644125684,-53.33929000854492,1.6992406890735214,2.6607476963183387
common_voice_22_0_621,0.0,1.424,utt,-70.33550423635563,-63.699337005615234,1.6992406890735214,3.1410805378369773
common_voice_22_0_1177,0.0,0.525375,utt,-62.90519052181604,-65.15005264282226,1.6992402637075181,4.018697378825301
common_voice_22_0_702,0.0,1.2997,utt,-62.31601938100962,-59.88113570213318,1.6992402637075181,4.301612568266833
common_voice_22_0_1042,0.0,1.0179,utt,-57.07199276194853,-51.66943359375,1.6992398383415146,3.6570309315620584
common_voice_22_0_395,0.0,1.638,utt,-55.692096989329265,-54.52529926300049,1.699237286145494,1.8411385144110035
common_voice_22_0_881,0.0,1.1725625,utt,-50.070654714209404,-48.33904301036488,1.6972050091006616,2.265149558415141
common_voice_22_0_1067,0.0,0.8399,utt,-54.793997628348215,-54.197266048855255,1.693315517213048,10.075211003443133
common_voice_22_0_203,0.0,2.1989,utt,-54.50763494318182,-54.02648614954065,1.6933149162905226,8.579314874533653
common_voice_22_0_226,0.0,1.854375,utt,-56.194721283783785,-53.50846730745756,1.693314715983014,3.456212400165205
common_voice_22_0_1154,0.0,0.7406875,utt,-51.40709129539696,-51.187076568603516,1.693314715983014,8.138753131819652
common_voice_22_0_747,0.0,1.3836,utt,-48.01469089673913,-46.042679860041694,1.6838126353400338,7.567997880507077
common_voice_22_0_1035,0.0,0.958375,utt,-57.24268086751302,-53.91683769226074,1.6838109411196636,14.668005743169587
common_voice_22_0_571,0.0,2.8125625,utt,-50.040775828514235,-52.94345047894646,1.6838109411196636,14.262869698751743
common_voice_22_0_58,0.0,2.3163,utt,-51.36746531519397,-51.27356877046473,1.6827287413278065,6.851127697371009
common_voice_22_0_637,0.0,1.2546875,utt,-59.77866796875,-58.93071937561035,1.676623371874926,5.0481987226595315
common_voice_22_0_99,0.0,2.3614,utt,-60.541371490995765,-59.31119346618652,1.676622424936491,6.2122440457451695
common_voice_22_0_186,0.0,1.7318,utt,-52.33041117232659,-50.101856536865235,1.676622424936491,10.641206452934238
common_voice_22_0_78,0.0,2.8664,utt,-54.88784843205575,-53.546645655776516,1.6766186371827514,0.6773629047778673
common_voice_22_0_1204,0.0,0.5433,utt,-55.761149088541664,-56.87887064615885,1.6666614408843865,12.741942089197822
common_voice_22_0_96,0.0,2.839875,utt,-57.360953317561616,-56.26541230172822,1.6654647325097751,6.725497407022825
common_voice_22_0_303,0.0,1.8201,utt,-52.2682864010989,-50.73955071490744,1.665464610712975,6.396864945891799
common_voice_22_0_36,0.0,3.354,utt,-60.77704057835821,-59.04788789749146,1.665464610712975,1.3494609290721193
common_voice_22_0_757,0.0,1.4796,utt,-50.039342931798984,-49.0819228887558,1.665464610712975,9.050279834855246
common_voice_22_0_456,0.0,1.68625,utt,-54.08101423816568,-54.55015907287598,1.665464610712975,8.196194292464199
common_voice_22_0_1055,0.0,0.925,utt,-55.36027280745968,-53.692772674560544,1.6654643671193747,15.297162976549583
common_voice_22_0_866,0.0,0.9051,utt,-47.827245020604394,-45.40639686584473,1.6654643671193747,13.274223354014724
common_voice_22_0_958,0.0,1.0891,utt,-54.20896197677752,-53.67168338482197,1.6654641235257743,17.652299449517916
common_voice_22_0_957,0.0,0.93125,utt,-57.48350344422043,-55.82919502258301,1.665463636338574,3.679825487702267
common_voice_22_0_642,0.0,1.3488,utt,-56.46863787615741,-53.80725725959329,1.6613117703249334,6.254230887837444
common_voice_22_0_1092,0.0,0.8171875,utt,-49.953291730182926,-48.60928387112088,1.6613117703249334,7.090837784886508
common_voice_22_0_559,0.0,1.5898,utt,-49.742138364779876,-48.32477910895096,1.6613117703249334,4.864262720802966
common_voice_22_0_592,0.0,1.395375,utt,-53.513577706473214,-51.437666724709906,1.6603616360931277,11.8539706886782
common_voice_22_0_1095,0.0,0.681875,utt,-53.920158835018384,-53.2187377081977,1.6603608172159188,13.716759661241104
common_voice_22_0_246,0.0,1.9606875,utt,-56.131801060267854,-55.17981475830078,1.6603608172159188,5.2001302303755335
common_voice_22_0_1093,0.0,0.790375,utt,-55.37964794303797,-54.49084758758545,1.6589246538258111,2.6775816130975727
common_voice_22_0_277,0.0,1.6323,utt,-52.622621501150306,-51.282662527901785,1.658923568429594,9.039360098889055
common_voice_22_0_407,0.0,1.5669,utt,-63.93903637539809,-62.56722241356259,1.656210403813853,2.898521490675016
common_voice_22_0_1183,0.0,1.4196,utt,-52.95021250550176,-52.82456893920899,1.656210403813853,11.961508479039376
common_voice_22_0_372,0.0,1.683375,utt,-55.2520751953125,-53.391453190853724,1.6542393249882226,6.231662526939882
common_voice_22_0_704,0.0,1.8609,utt,-54.88926516297043,-53.37989830970764,1.6542393249882226,8.065675189517187
common_voice_22_0_795,0.0,1.2680625,utt,-53.67858790600393,-51.31827223300934,1.6542393249882226,7.2803249667868
common_voice_22_0_745,0.0,1.31125,utt,-53.54763910424618,-53.77844085693359,1.6529904069160146,13.804421367151651
common_voice_22_0_441,0.0,1.708875,utt,-56.865948236476605,-56.05403555007208,1.6368711935054003,-0.20101310992911614
common_voice_22_0_1007,0.0,2.2801875,utt,-47.95605040433114,-52.92316093444824,1.625684758505026,13.974077048616813
common_voice_22_0_454,0.0,1.4985625,utt,-53.25806315104167,-52.3113297549161,1.6228714147865122,13.377091906603235
common_voice_22_0_321,0.0,1.9875625,utt,-59.86113183103015,-55.869441509246826,1.622868542207387,5.887663016616905
common_voice_22_0_1079,0.0,0.9186875,utt,-52.51669709578805,-51.05103225708008,1.622868542207387,15.850053661429364
common_voice_22_0_659,0.0,2.00375,utt,-63.389482421875,-60.91253886503332,1.622868542207387,4.16004781859419
common_voice_22_0_497,0.0,1.767375,utt,-57.76514499470339,-56.48000293307834,1.6219603700757568,3.62757172358317
common_voice_22_0_188,0.0,3.7238,utt,-54.96624033938172,-58.03604984283447,1.6092753218487277,16.224802097408116
common_voice_22_0_674,0.0,1.5159,utt,-54.51024105674342,-53.281855639289404,1.6092713075434781,19.781680320801613
common_voice_22_0_1062,0.0,1.0756875,utt,-58.71965422453704,-55.48189120822482,1.6055517804281203,-3.469850788951475
common_voice_22_0_154,0.0,1.8016,utt,-56.38925238715278,-55.279992465315196,1.6044664830819513,7.04037341403313
common_voice_22_0_462,0.0,1.6051875,utt,-56.97583462732919,-54.552470207214355,1.6020637843245786,7.5130975733567364
common_voice_22_0_490,0.0,1.5152,utt,-53.81658293071546,-52.74162714104904,1.597355831793908,8.014604796445582
common_voice_22_0_658,0.0,1.2994,utt,-59.01412635216346,-58.23670535617404,1.5890632949166352,1.434474684479012
common_voice_22_0_864,0.0,1.2578,utt,-54.75747922867063,-53.44787333561824,1.5853490067783365,5.392135570209344
common_voice_22_0_258,0.0,1.9026875,utt,-53.36645250822368,-51.82706146240234,1.585058796439924,8.302808097829768
common_voice_22_0_424,0.0,1.6510625,utt,-56.71168915719697,-54.590003395080565,1.585058796439924,4.014848733730023
common_voice_22_0_727,0.0,1.2329,utt,-60.79511242378049,-59.75975824991862,1.5850566511383435,8.135351208790429
common_voice_22_0_780,0.0,1.151,utt,-50.17860903532609,-49.14985122680664,1.585054505836763,9.40924109379091
common_voice_22_0_1019,0.0,0.8400625,utt,-57.809959774925595,-56.51926294962565,1.580518744568987,3.3006484836917203
common_voice_22_0_1113,0.0,0.855,utt,-58.64718840843023,-58.61607306344168,1.5598304858881746,3.2964001081926533
common_voice_22_0_808,0.0,1.2234,utt,-55.1419897861168,-52.428149359566824,1.5597987845328913,4.2431275592334625
common_voice_22_0_617,0.0,4.1091875,utt,-48.781207230839414,-51.361753688139075,1.5597987845328913,17.34954408748101
common_voice_22_0_64,0.0,3.324875,utt,-54.45699595256024,-53.90080529290277,1.5460110743588333,12.511732744587382
common_voice_22_0_168,0.0,2.9116,utt,-54.82031585588488,-57.44435908876616,1.5460110743588333,14.24075534574406
common_voice_22_0_1069,0.0,1.8176875,utt,-48.94373497596154,-55.55217361450195,1.5460070460866906,11.046373099009077
common_voice_22_0_243,0.0,2.3952,utt,-54.032413736979166,-51.35357554753622,1.5460070460866906,10.505186452225521
common_voice_22_0_234,0.0,2.5971875,utt,-53.78842022235577,-54.18545358831232,1.5460070460866906,14.038170830288344
common_voice_22_0_792,0.0,1.3581875,utt,-53.22619269875919,-52.04657719930013,1.5460070460866906,7.977020396732318
common_voice_22_0_237,0.0,2.231,utt,-55.90000087584081,-54.679315713735726,1.5460070460866906,5.080996225721597
common_voice_22_0_370,0.0,1.9149,utt,-57.014377454188484,-55.627003021240235,1.5460070460866906,18.78095086395038
common_voice_22_0_1111,0.0,0.8048,utt,-56.86793823242188,-56.488441467285156,1.5460070460866906,8.293271197353029
common_voice_22_0_541,0.0,1.4050625,utt,-52.68996564716312,-51.48013210296631,1.546006039018655,3.861698074697385
common_voice_22_0_790,0.0,2.1669,utt,-50.90895467309908,-47.77732849121094,1.5460050319506193,14.981295832384173
common_voice_22_0_577,0.0,1.5671875,utt,-50.34512154160032,-49.546019660102,1.5460050319506193,12.638998087295885
common_voice_22_0_1156,0.0,1.611875,utt,-54.39462223408385,-58.34935433523996,1.5460050319506193,8.496734153089546
common_voice_22_0_731,0.0,2.6612,utt,-54.574600563909776,-62.036443437848774,1.546003017814548,13.472534819907901
common_voice_22_0_630,0.0,1.3786875,utt,-56.35254613903985,-55.40421223640442,1.546003017814548,0.3868997119495443
common_voice_22_0_56,0.0,2.6076875,utt,-56.06760730962644,-54.22500381469727,1.5442482618511906,10.452416644847123
common_voice_22_0_882,0.0,2.0711875,utt,-54.15395248339372,-47.85195570725661,1.544206569425714,13.45999875274164
common_voice_22_0_708,0.0,1.262375,utt,-54.315499441964285,-53.35366125667797,1.544206569425714,6.279637603865808
common_voice_22_0_1038,0.0,0.6801875,utt,-48.438042135799634,-47.83292007446289,1.544206569425714,12.133591513244703
common_voice_22_0_459,0.0,1.6531875,utt,-51.675710227272724,-49.54336528778076,1.544206569425714,15.359734307907544
common_voice_22_0_495,0.0,1.5383,utt,-55.98575106534091,-53.55459253411544,1.544206569425714,3.6432829715856148
common_voice_22_0_557,0.0,1.6401875,utt,-56.62149866615854,-55.96643929732473,1.544206569425714,8.77657323410882
common_voice_22_0_806,0.0,1.3273,utt,-57.89780970982143,-55.84528147379557,1.544206569425714,2.0810270807495606
common_voice_22_0_826,0.0,1.08,utt,-55.492214626736114,-54.155045645577566,1.5442055090552154,5.281485281269976
common_voice_22_0_742,0.0,1.0686875,utt,-54.81003577686916,-53.641632977653956,1.5442055090552154,12.178307112382678
common_voice_22_0_551,0.0,1.4144,utt,-52.00903839760638,-51.538558558413854,1.5442055090552154,15.462223170744386
common_voice_22_0_365,0.0,1.63125,utt,-58.40482409892638,-57.11486955122514,1.5442055090552154,17.4352431333908
common_voice_22_0_41,0.0,2.4481875,utt,-57.90814333545919,-57.26220359802246,1.5442055090552154,5.564822011466642
common_voice_22_0_1170,0.0,0.4916,utt,-59.37901088169643,-58.10529454549154,1.5442055090552154,12.603625755336644
common_voice_22_0_1200,0.0,0.4200625,utt,-56.135306222098215,-59.2429141998291,1.5442054383638488,3.262719378722693
common_voice_22_0_1118,0.0,0.7006,utt,-61.02490931919643,-59.16638517379761,1.5442054383638488,1.2702520633080354
common_voice_22_0_398,0.0,2.0545625,utt,-59.62541920731707,-55.97902089899237,1.5442043073019835,6.625152660483222
common_voice_22_0_1096,0.0,0.7971,utt,-55.447210693359374,-55.77933120727539,1.5442043073019835,0.07071521952585513
common_voice_22_0_640,0.0,2.1691875,utt,-64.1025885656682,-53.20289018419054,1.544202045178253,6.246799506170314
common_voice_22_0_1120,0.0,0.8214,utt,-47.607469512195124,-44.951760973249165,1.5438759456933282,12.182049533648636
common_voice_22_0_1107,0.0,0.8375625,utt,-57.868995303199405,-54.658909388950896,1.5335504532874245,3.7780881805221007
common_voice_22_0_288,0.0,1.765875,utt,-59.683499955861585,-57.944272918701174,1.532863154471815,7.075731456909946
common_voice_22_0_537,0.0,1.5444,utt,-50.857634309050326,-48.87574466906096,1.532863154471815,5.134628730882101
common_voice_22_0_423,0.0,1.755375,utt,-57.67166415127841,-56.491644320280656,1.5328620527805181,5.161797447952939
common_voice_22_0_805,0.0,1.1905,utt,-58.79963645614496,-58.750687318689685,1.5328604503204502,12.417225969233849
common_voice_22_0_410,0.0,1.473,utt,-53.78570432079081,-52.331834157307945,1.530617113945852,18.483809211065537
common_voice_22_0_68,0.0,2.7846,utt,-52.26367890062949,-51.43418574977566,1.5306168394842763,6.388443028464806
common_voice_22_0_1131,0.0,0.7081,utt,-58.43736245598591,-57.29143197195871,1.5306167479970845,17.295687826191486
common_voice_22_0_1151,0.0,0.8156,utt,-79.47883717606707,-61.70905685424805,1.5306160160995497,11.735399384992197
common_voice_22_0_1041,0.0,1.2531875,utt,-53.58108203125,-53.40616149902344,1.520258632767406,5.978058959517881
common_voice_22_0_129,0.0,2.4195,utt,-51.51117397339876,-49.31794309616089,1.519926652466033,5.0103267627428725
common_voice_22_0_296,0.0,1.9420625,utt,-54.549734213917525,-53.0736331031436,1.5143280269145136,8.973131971154643
common_voice_22_0_438,0.0,2.3269,utt,-68.10889300563305,-57.0617804754348,1.5110665048730292,9.444765183276694
common_voice_22_0_744,0.0,1.1371,utt,-55.254313151041664,-53.381223917007446,1.5097335730117591,6.332824191912884
common_voice_22_0_204,0.0,2.21875,utt,-50.64739055461712,-50.03443747300368,1.5097335730117591,11.546495943678213
common_voice_22_0_1141,0.0,0.670875,utt,-56.24480381296642,-54.90250669206892,1.5097321367221963,8.263011722097371
common_voice_22_0_769,0.0,1.131875,utt,-59.490126348174776,-60.20129893376277,1.5097321367221963,5.621047272459421
common_voice_22_0_563,0.0,1.4061875,utt,-52.20902593085106,-50.11034859551324,1.5097307004326337,17.589354981786123
common_voice_22_0_1205,0.0,0.4069,utt,-52.79932831554878,-51.35785102844238,1.5048792995257891,10.149905125073255
common_voice_22_0_506,0.0,1.550375,utt,-49.65900642641129,-48.259511947631836,1.5007764649041775,7.534912224514173
common_voice_22_0_458,0.0,1.6607,utt,-51.014813158885545,-48.75799696786063,1.5007764649041775,6.184989489806743
common_voice_22_0_474,0.0,2.2519,utt,-66.22766059027778,-58.158390912142664,1.5007764649041775,13.778014073420215
common_voice_22_0_283,0.0,3.0061875,utt,-51.12526604028239,-50.81980209350586,1.5007764649041775,12.879498007942754
common_voice_22_0_493,0.0,1.461375,utt,-58.718970729880134,-58.26168229844835,1.5007764649041775,6.453598789185886
common_voice_22_0_869,0.0,1.03925,utt,-57.07926119290865,-57.71607237595778,1.5007764649041775,13.650824473970276
common_voice_22_0_990,0.0,0.9538,utt,-57.56161595394737,-57.70196533203125,1.5007755179657427,10.786688261328896
common_voice_22_0_361,0.0,1.4434,utt,-52.98008558485243,-52.390214102608816,1.500775044496525,6.12334404010344
common_voice_22_0_463,0.0,1.3246875,utt,-60.922311493844695,-59.685861687911185,1.5007745710273077,5.662300659492001
common_voice_22_0_690,0.0,1.5172,utt,-60.390714946546055,-53.89295673370361,1.4988952345548527,30.53731376487449
common_voice_22_0_1125,0.0,0.6446875,utt,-54.31195831298828,-54.13732092721121,1.4988943347132744,8.459573426837949
common_voice_22_0_917,0.0,1.0309,utt,-53.73891174908981,-53.847459157307945,1.4988934348716958,11.759543218150892
common_voice_22_0_77,0.0,3.2639,utt,-52.157627971625764,-53.4455561319987,1.4919706593465187,14.664019129009231
common_voice_22_0_981,0.0,1.8500625,utt,-47.780347339527026,-48.563014397254356,1.4919661350990574,16.501673452380587
common_voice_22_0_520,0.0,1.3766,utt,-50.88878863790761,-50.730867084703945,1.4919661350990574,11.762088074600921
common_voice_22_0_315,0.0,1.854875,utt,-57.22391258445946,-55.494571685791016,1.4919661350990574,6.638981624263971
common_voice_22_0_170,0.0,2.269,utt,-52.33572239812775,-51.627532141549246,1.491965710950858,9.928927675970577
common_voice_22_0_783,0.0,1.1791,utt,-52.01067597987288,-51.19025650024414,1.4919655695681249,6.658772163130642
common_voice_22_0_40,0.0,2.66325,utt,-55.7872892680921,-54.92474619547526,1.4806965088434103,8.268488553377527
common_voice_22_0_1006,0.0,1.3875,utt,-50.09827801821043,-50.990983645121254,1.480692265410456,14.231294784802877
common_voice_22_0_1033,0.0,1.0015,utt,-56.705888671875,-55.73798370361328,1.480692265410456,5.959962417130642
common_voice_22_0_116,0.0,2.7948,utt,-51.25680793570788,-50.18244355724704,1.480692265410456,6.88428975774821
common_voice_22_0_697,0.0,1.3787,utt,-57.320032976675726,-56.808171664967254,1.480692265410456,8.335835671166537
common_voice_22_0_988,0.0,0.9677,utt,-64.90178499516753,-60.205992611971766,1.480692265410456,11.54255461307365
common_voice_22_0_1059,0.0,0.7770625,utt,-56.87178235176282,-55.50723308987088,1.480692265410456,5.322755243000888
common_voice_22_0_773,0.0,1.384375,utt,-52.967953889266305,-51.70931625366211,1.480692265410456,8.183166649979572
common_voice_22_0_1168,0.0,0.8675625,utt,-53.59772359913793,-55.53138033548991,1.4806917349813367,5.669759860364561
common_voice_22_0_49,0.0,2.6103,utt,-53.246344438457854,-51.72990341186524,1.4806917349813367,-0.4886736240076033
common_voice_22_0_1140,0.0,0.96225,utt,-49.54818216959635,-46.388480050223215,1.4806912045522174,6.940802496532207
common_voice_22_0_400,0.0,1.5346,utt,-51.99085031147876,-51.20929449254816,1.4806901436939788,19.283322728449093
common_voice_22_0_796,0.0,1.8237,utt,-55.512051425137365,-53.48359598432268,1.4806880219775016,11.833096802347015
common_voice_22_0_106,0.0,2.6716,utt,-54.68567123127341,-54.758575555050015,1.46748642844274,15.795182915849026
common_voice_22_0_499,0.0,1.408875,utt,-54.51876246675532,-52.66861629486084,1.4611848518081292,11.814291413766286
common_voice_22_0_1047,0.0,0.89675,utt,-55.64334309895833,-53.80697898864746,1.4581645253712787,8.686610831104773
common_voice_22_0_483,0.0,1.710375,utt,-54.2939453125,-52.59496206986277,1.4581645253712787,4.802344333117166
common_voice_22_0_482,0.0,1.6244,utt,-60.356228298611114,-59.44875023581765,1.4581645253712787,6.653124019811928
common_voice_22_0_238,0.0,1.9626,utt,-56.445432079081634,-55.5823210144043,1.4581645253712787,5.638099551714529
common_voice_22_0_470,0.0,1.5575625,utt,-59.96919446113782,-58.033721923828125,1.4581640196583052,7.115252757607427
common_voice_22_0_919,0.0,1.0859,utt,-57.69283077694954,-55.68092427934919,1.4528988433552175,10.44591965918903
common_voice_22_0_1189,0.0,0.5046875,utt,-54.39873046875,-54.069122314453125,1.4528971304901288,8.57266911571633
common_voice_22_0_1198,0.0,0.5001,utt,-52.507021484375,-51.56200313568115,1.4528971304901288,9.018727422497728
common_voice_22_0_628,0.0,1.3708,utt,-51.436829949817515,-50.722907384236656,1.4528971304901288,14.471618771360284
common_voice_22_0_62,0.0,2.603,utt,-53.71096379206731,-52.53470269227639,1.4528971304901288,14.139725772137595
common_voice_22_0_739,0.0,1.2432,utt,-48.03438051285282,-46.87656784057617,1.4408009394601529,2.9912456388629813
common_voice_22_0_1176,0.0,0.5479,utt,-51.478688742897724,-50.367993672688804,1.4408009394601529,11.189658694670298
common_voice_22_0_960,0.0,1.0595625,utt,-56.5597453567217,-54.827912194388254,1.440800726777151,8.010770833922498
common_voice_22_0_892,0.0,0.9991,utt,-56.71783203125,-56.9048338669997,1.4369886113569117,9.893604422098516
common_voice_22_0_784,0.0,1.2690625,utt,-52.688334307332674,-50.937356821695964,1.4265508531532118,21.288958588930782
common_voice_22_0_394,0.0,1.3245625,utt,-60.17861845999053,-57.312682923816496,1.4265504738684818,17.375986451143014
common_voice_22_0_346,0.0,1.9396875,utt,-52.373630798969074,-50.30738001284392,1.4265497152990214,22.640959099185935
common_voice_22_0_860,0.0,1.3422,utt,-52.546926014458954,-51.43122124671936,1.4244675866877594,13.019860816107357
common_voice_22_0_422,0.0,1.78025,utt,-55.40770387113764,-53.89502515290913,1.424466985765234,6.774758632258834
common_voice_22_0_1112,0.0,1.6604,utt,-52.6376953125,-60.75324106216431,1.4244667854577253,11.02092809103446
common_voice_22_0_718,0.0,1.4760625,utt,-56.009759026604726,-54.33814374138327,1.4244667854577253,6.335071598127916
common_voice_22_0_675,0.0,1.716375,utt,-54.1929449037064,-54.87000346183777,1.423511318502362,9.320001100807346
common_voice_22_0_469,0.0,1.4961,utt,-50.74101888020834,-50.23212854485763,1.4233253101320027,8.125960612800515
common_voice_22_0_735,0.0,1.4007,utt,-53.64542759486607,-52.8064816792806,1.4208143117290426,8.481892836842274
common_voice_22_0_768,0.0,1.5960625,utt,-62.32198486328125,-61.538211313883465,1.4208143117290426,5.682960219098028
common_voice_22_0_1089,0.0,0.7672,utt,-57.702643060064936,-55.9209115770128,1.4208143117290426,2.8076229347662185
common_voice_22_0_1022,0.0,1.008375,utt,-52.08964070235149,-50.54478142478249,1.4208143117290426,1.409091666630994
common_voice_22_0_793,0.0,1.0036875,utt,-59.3126904296875,-58.63238280160086,1.4208143117290426,0.46162530397110046
common_voice_22_0_1003,0.0,0.98275,utt,-52.56620196906888,-51.57748908996582,1.4208143117290426,6.585761859332909
common_voice_22_0_616,0.0,1.181875,utt,-58.002768306408896,-58.058531761169434,1.4208143117290426,7.899365239329267
common_voice_22_0_591,0.0,1.445,utt,-54.4296841325431,-53.14369717766257,1.4208143117290426,4.527012593001913
common_voice_22_0_922,0.0,1.1216875,utt,-55.686959402901785,-53.842430114746094,1.4208143117290426,4.1922330543623545
common_voice_22_0_399,0.0,1.41975,utt,-51.71484031139965,-51.11227855682373,1.4208143117290426,7.935904642714181
common_voice_22_0_1057,0.0,0.8724,utt,-53.28588025323276,-52.066016006469724,1.4208143117290426,6.35523756251164
common_voice_22_0_546,0.0,1.922,utt,-50.55315653483073,-52.18762969970703,1.4208143117290426,12.22660044135037
common_voice_22_0_402,0.0,1.5978,utt,-54.127716064453125,-54.13248564980247,1.4208134552964984,14.487330611826003
common_voice_22_0_1197,0.0,0.69225,utt,-53.7331932178442,-56.383769035339355,1.4208134552964984,7.576886912959957
common_voice_22_0_946,0.0,1.1201,utt,-54.162000383649556,-52.96171875,1.4208134552964984,5.248159362985723
common_voice_22_0_268,0.0,1.8816875,utt,-60.41444689162234,-60.12982412484976,1.4208134552964984,2.9302589438362148
common_voice_22_0_57,0.0,3.3269,utt,-53.76668660848348,-52.849300281421556,1.4208134552964984,7.1265820057884355
common_voice_22_0_1148,0.0,0.542875,utt,-65.37429922598379,-61.81555430094401,1.4208134552964984,2.216096136878428
common_voice_22_0_1058,0.0,0.7101,utt,-58.062788842429576,-55.74102105034722,1.420812598863954,5.408515443197041
common_voice_22_0_461,0.0,1.7696875,utt,-50.63198490466102,-49.47083740234375,1.420812598863954,13.178332911319728
common_voice_22_0_737,0.0,1.575375,utt,-63.44000939477848,-56.51274617513021,1.4195916802792772,7.8047019749706745
common_voice_22_0_999,0.0,0.9496875,utt,-52.3888671875,-51.32334345037287,1.41959047406674,8.435410765728504
common_voice_22_0_921,0.0,0.9885,utt,-55.05356297348485,-53.70640411376953,1.41959047406674,3.7499164456387977
common_voice_22_0_851,0.0,0.9739,utt,-51.19851904800258,-50.11873435974121,1.4137826685639172,12.733672016963563
common_voice_22_0_189,0.0,2.0274,utt,-53.33558151169951,-51.78850819514348,1.4137826685639172,5.751879051689501
common_voice_22_0_684,0.0,1.24225,utt,-49.790019373739916,-48.95739030838013,1.4120804964806126,11.322780939378339
common_voice_22_0_1180,0.0,0.3565625,utt,-49.28166707356771,-49.714990234375,1.4110388416515223,9.092030758589766
common_voice_22_0_901,0.0,1.2893,utt,-47.47328079578488,-45.561226163591655,1.4056474944193578,12.432792477185407
common_voice_22_0_113,0.0,2.809375,utt,-54.694825956405694,-54.200064063072205,1.3995682011879613,6.486751654994329
common_voice_22_0_366,0.0,1.583875,utt,-53.115432159810126,-53.37037738164266,1.3995682011879613,10.454825513536534
common_voice_22_0_968,0.0,0.9556,utt,-50.52936808268229,-49.22623512961648,1.3995682011879613,11.041102027614032
common_voice_22_0_873,0.0,1.0517,utt,-61.67592075892857,-58.80574505145733,1.3995682011879613,4.320219470260165
common_voice_22_0_993,0.0,0.8936,utt,-52.144706811797754,-49.195582962036134,1.3995682011879613,6.671332852451144
common_voice_22_0_1167,0.0,0.6042,utt,-56.70274658203125,-57.13532257080078,1.3995682011879613,14.790769692323112
common_voice_22_0_711,0.0,2.261375,utt,-48.332592989491154,-54.27180099487305,1.3995682011879613,17.334604931165522
common_voice_22_0_971,0.0,1.01625,utt,-49.18616919424019,-48.34922305020419,1.3889703954190216,12.512257064485814
common_voice_22_0_728,0.0,1.9636,utt,-65.07807517538265,-53.85850286483765,1.3889703954190216,11.33241066065705
common_voice_22_0_777,0.0,1.29125,utt,-51.34464328972868,-50.20065116882324,1.3889703954190216,10.309305776189893
common_voice_22_0_779,0.0,1.1423,utt,-59.05199338678728,-57.037774403889976,1.3889703954190216,2.669617556017867
common_voice_22_0_209,0.0,1.6975625,utt,-50.26583754595588,-47.879614373911984,1.3889703954190216,8.183998662238375
common_voice_22_0_804,0.0,1.1488,utt,-58.005294667119564,-57.9858762105306,1.3889703954190216,15.600518016858164
common_voice_22_0_280,0.0,2.1239,utt,-57.1348347214033,-56.531578063964844,1.3889703954190216,1.2135630164049065
common_voice_22_0_428,0.0,1.5456875,utt,-50.95656502016129,-50.8562726020813,1.3889701403953554,5.8060002553731636
common_voice_22_0_899,0.0,1.0271,utt,-54.879830665958735,-51.41264343261719,1.3889698853716892,11.609700951540681
common_voice_22_0_613,0.0,1.8509,utt,-50.24629434121621,-51.05093150668674,1.3889698853716892,14.536327932328224
common_voice_22_0_467,0.0,2.405375,utt,-54.605849649896264,-54.719073902476914,1.388969757859856,7.199279305283234
common_voice_22_0_1108,0.0,0.775875,utt,-48.66384965945513,-47.84518098831177,1.388969375324357,14.091078861258737
common_voice_22_0_746,0.0,1.0881875,utt,-53.995005196387616,-50.83923110961914,1.388969375324357,5.062279250460559
common_voice_22_0_854,0.0,1.0746,utt,-49.95417457651869,-48.05161402775691,1.388969375324357,8.308670708834374
common_voice_22_0_222,0.0,1.7885,utt,-56.66070727129888,-55.26768079011337,1.388969375324357,6.007061733202024
common_voice_22_0_749,0.0,1.2741875,utt,-52.140997939222444,-50.87194987705776,1.388969375324357,3.8167058176987716
common_voice_22_0_332,0.0,2.3196,utt,-48.37716359105603,-50.09105023470792,1.388966315040363,19.33870832891103
common_voice_22_0_1015,0.0,1.233875,utt,-51.814361820376014,-49.27160453796387,1.384864222891833,6.356758819198916
common_voice_22_0_378,0.0,1.6756,utt,-54.024204799107146,-52.58928846276325,1.3848617494747848,24.574054983249
common_voice_22_0_330,0.0,2.2316875,utt,-52.30706102858744,-51.82870864868164,1.3819000878413974,10.849326812344433
common_voice_22_0_811,0.0,1.0365,utt,-58.04026442307692,-56.256316884358725,1.3819000878413974,19.91384389047818
common_voice_22_0_643,0.0,2.0254,utt,-50.08857854833744,-50.73597111421473,1.381899369696616,17.830540905549803
common_voice_22_0_347,0.0,1.7695,utt,-54.79913157662429,-52.954552459716794,1.376128992090181,17.25029386048009
common_voice_22_0_850,0.0,1.4058,utt,-53.05526235593972,-48.572828420003255,1.3670391861993414,3.7869541613302395
common_voice_22_0_929,0.0,1.086875,utt,-55.08048129300459,-53.50182946523031,1.3670386580762115,0.8651503671186465
common_voice_22_0_353,0.0,2.3955,utt,-60.0253662109375,-55.85759048461914,1.3670289124479191,7.666349284387778
common_voice_22_0_775,0.0,1.30075,utt,-54.29959059495192,-52.325772285461426,1.3670289124479191,7.759597457306334
common_voice_22_0_638,0.0,1.1687,utt,-59.70442290998932,-57.80343500773112,1.3670289124479191,-1.2577796489967579
common_voice_22_0_362,0.0,1.6426875,utt,-55.33435951791159,-54.236338842482795,1.3670289124479191,13.95283396811315
common_voice_22_0_554,0.0,1.7363,utt,-61.104694234913794,-54.200396286813834,1.3670289124479191,11.125867398316364
common_voice_22_0_751,0.0,2.0155,utt,-64.7334661200495,-53.385855197906494,1.3670278515896805,9.684157181923947
common_voice_22_0_815,0.0,1.2235625,utt,-51.66220142802254,-51.88886260986328,1.367026790731442,10.720266019576444
common_voice_22_0_335,0.0,2.6595,utt,-53.95599961818609,-52.95288676307315,1.367026790731442,11.11135510907311
common_voice_22_0_452,0.0,1.9131,utt,-50.44934145942408,-54.30858442518446,1.367026790731442,8.171866279311239
common_voice_22_0_1083,0.0,0.83025,utt,-52.75795957266566,-50.81750191582574,1.36556527087796,6.9549498215967684
common_voice_22_0_677,0.0,1.3276,utt,-49.674030045817666,-48.30087343851725,1.3655650505299293,7.251191702743199
common_voice_22_0_669,0.0,1.284875,utt,-60.30099868774414,-59.8761682510376,1.3655650505299293,5.990191144039615
common_voice_22_0_566,0.0,2.72675,utt,-50.57574977106227,-56.570730108963815,1.365293758517743,11.155844882589866
common_voice_22_0_662,0.0,1.3846,utt,-61.44105242300725,-60.164591550827026,1.358882914727798,2.758669403137109
common_voice_22_0_550,0.0,1.4765,utt,-52.390770164695944,-51.105492697821724,1.3561050738726392,10.430194802569869
common_voice_22_0_610,0.0,1.433,utt,-58.58883987106643,-57.91865801811218,1.349326838065848,1.4912913384251087
common_voice_22_0_840,0.0,1.1808,utt,-50.68105717028602,-49.44866262163435,1.349326838065848,11.41028553834394
common_voice_22_0_468,0.0,1.482875,utt,-53.931066564611484,-53.45996246337891,1.349326838065848,7.606404961480884
common_voice_22_0_138,0.0,2.4061,utt,-52.66713401192946,-51.87056304469253,1.349326838065848,4.98365754918386
common_voice_22_0_333,0.0,2.3323,utt,-51.3452630431867,-50.10803804899517,1.349326838065848,9.839434572502332
common_voice_22_0_79,0.0,2.53025,utt,-50.091534399703555,-48.50205735599293,1.349326838065848,18.65019385694261
common_voice_22_0_216,0.0,1.9558,utt,-49.75284498565051,-48.6030158996582,1.349326838065848,9.034749120652439
common_voice_22_0_417,0.0,1.8245625,utt,-50.686738066620876,-48.96289294698964,1.349326838065848,7.285431776464437
common_voice_22_0_160,0.0,1.9821875,utt,-53.678390348800505,-53.030939172815394,1.349326838065848,10.102149092543478
common_voice_22_0_686,0.0,1.3221,utt,-59.35165497750947,-58.648885091145836,1.349326328018516,5.532458656180555
common_voice_22_0_450,0.0,1.8134,utt,-56.66258956319061,-55.933528236720875,1.3493260729948497,2.8310132944303668
common_voice_22_0_433,0.0,1.5110625,utt,-50.67827116100993,-48.93870417277018,1.3493258179711836,14.14393542755214
common_voice_22_0_334,0.0,1.3218,utt,-52.98964251893939,-49.8237700028853,1.3493258179711836,4.152857698231365
common_voice_22_0_754,0.0,1.0481,utt,-54.34028552827381,-53.39559582301548,1.3493258179711836,2.165490919489624
common_voice_22_0_972,0.0,0.8596875,utt,-54.73324513989826,-55.77195612589518,1.3493258179711836,10.818348555318867
common_voice_22_0_505,0.0,1.549375,utt,-53.92661920362903,-52.14560277838456,1.3493258179711836,6.893886856661815
common_voice_22_0_130,0.0,3.1154,utt,-55.23643454527244,-53.86496353149414,1.349324797876519,16.26346506878422
common_voice_22_0_801,0.0,1.1064,utt,-49.2352855785473,-46.85423837389265,1.349324797876519,6.924698221612088
common_voice_22_0_225,0.0,1.9561875,utt,-53.25087691326531,-52.88560485839844,1.3493227576871898,19.248410086182183
common_voice_22_0_829,0.0,1.33275,utt,-50.70641447368421,-49.54884883335659,1.3493227576871898,6.6228672460765114
common_voice_22_0_598,0.0,1.5203,utt,-58.2633634868421,-57.64029545254178,1.3493227576871898,13.284839166778053
common_voice_22_0_1162,0.0,0.6496875,utt,-50.79822340745192,-50.391035897391184,1.3489552121760375,14.850135108068741
common_voice_22_0_1179,0.0,1.3879,utt,-57.29714899955036,-51.8923942565918,1.338519126702393,12.712306055765048
common_voice_22_0_667,0.0,1.5045625,utt,-50.98226888020833,-50.43077045016818,1.338519126702393,7.141393181373468
common_voice_22_0_1149,0.0,1.2384,utt,-49.287455897177416,-49.649981362479075,1.3385186395151927,10.700143481087142
common_voice_22_0_275,0.0,1.934,utt,-54.32270077720207,-52.85059622059698,1.338515229204789,5.3651625956607845
common_voice_22_0_355,0.0,1.6715625,utt,-52.5740316242515,-52.39028267238451,1.3370785027390868,15.706967452070355
common_voice_22_0_1208,0.0,0.3762,utt,-59.97304173519737,-57.742713928222656,1.3364461836664845,-0.09354338667025708
common_voice_22_0_543,0.0,1.5584,utt,-58.85140599959936,-57.07074215537623,1.3364446004607011,5.176350952125835
common_voice_22_0_1045,0.0,0.8816,utt,-50.19391978870738,-49.68926887512207,1.3197329893260252,10.668583274870642
common_voice_22_0_431,0.0,1.6000625,utt,-53.864013671875,-52.559104919433594,1.3197329893260252,10.771333169451623
common_voice_22_0_949,0.0,1.6966,utt,-69.44875344669117,-57.4927781422933,1.3197329893260252,13.75957949351112
common_voice_22_0_723,0.0,1.2425,utt,-54.594139837449596,-54.07235514322917,1.3197329893260252,7.338141619741766
common_voice_22_0_944,0.0,0.9029,utt,-59.709575737847224,-57.28341501409357,1.319731801921688,10.581129491849023
common_voice_22_0_925,0.0,1.02825,utt,-50.354544334041265,-49.65994540127841,1.319731406120242,10.934039700156609
common_voice_22_0_976,0.0,2.1999,utt,-56.10963689630682,-58.60495948791504,1.319729822914459,11.783599489454332
common_voice_22_0_392,0.0,1.2855,utt,-50.368625847868216,-49.415167045593265,1.2961496985763108,18.108792777999845
common_voice_22_0_904,0.0,0.934875,utt,-52.32615087365591,-51.41924432607797,1.2961492578802494,8.152620816996839
common_voice_22_0_387,0.0,2.2430625,utt,-51.42014421735491,-48.998433907826744,1.2943177882298909,9.169989978973849
common_voice_22_0_910,0.0,1.0571,utt,-54.209509507665096,-51.62888813018799,1.2943177882298909,12.971966256797739
common_voice_22_0_184,0.0,2.8951875,utt,-51.38721713362069,-51.142041606287805,1.2943156429283105,7.627917532030697
common_voice_22_0_578,0.0,1.37,utt,-55.41080135150548,-52.93389320373535,1.277048642879865,2.5880281782383143
common_voice_22_0_274,0.0,1.7281,utt,-53.811286352962426,-52.985042889912926,1.277044745382261,17.267746857986744
common_voice_22_0_938,0.0,1.3111875,utt,-51.30245482466603,-47.32290758405413,1.272527297369594,5.535313303255233
common_voice_22_0_582,0.0,1.5069,utt,-51.689624508485096,-50.46220578645405,1.2725262937932815,10.292821807482733
common_voice_22_0_1097,0.0,0.7918,utt,-55.27998912183544,-53.56561703152127,1.2689163043497238,7.117257260153629
common_voice_22_0_615,0.0,1.4706875,utt,-63.767405399659864,-61.74907572129194,1.2640157247152974,11.576675104193459
common_voice_22_0_896,0.0,1.611875,utt,-70.2272418478261,-58.5031612941197,1.2640157247152974,19.837901240165014
common_voice_22_0_868,0.0,1.1781875,utt,-62.13106627383475,-60.75094172159831,1.2640157247152974,13.41810702693638
common_voice_22_0_1145,0.0,0.6218,utt,-52.595565303679436,-51.29895945957729,1.2640149735621407,12.586366138005923
common_voice_22_0_678,0.0,1.3451,utt,-51.24122540509259,-51.43092839858111,1.2640149735621407,11.272267953698819
common_voice_22_0_671,0.0,1.4496875,utt,-54.999525188577586,-54.903029918670654,1.2640149735621407,16.779725076174483
common_voice_22_0_492,0.0,1.9138,utt,-64.64766034031413,-58.03590316772461,1.2640149234852636,20.541585736265283
common_voice_22_0_1128,0.0,1.3586,utt,-74.92120720358456,-63.326627519395615,1.2640141222552295,16.313153027260768
common_voice_22_0_436,0.0,1.8704,utt,-57.7554207052139,-58.81048851013183,1.2640125197951615,4.749691404696062
common_voice_22_0_352,0.0,1.8538,utt,-51.49069362331081,-50.341073122891515,1.2324994019652582,21.845493107171865
common_voice_22_0_752,0.0,1.2728,utt,-49.73659725639764,-48.40764355659485,1.2308960190859066,12.612878511439595
common_voice_22_0_1119,0.0,1.5640625,utt,-45.05592385316506,-51.92843151092529,1.2307967448005042,14.007177719990567
common_voice_22_0_887,0.0,1.000875,utt,-54.072958984375,-53.33727863856724,1.2257337602338332,12.11915359316181
common_voice_22_0_1188,0.0,0.5486,utt,-57.720831853693184,-54.80715713500977,1.218536572982431,8.629740945360615
common_voice_22_0_743,0.0,1.8311875,utt,-68.21503052424863,-59.24633169174194,1.2141990762091948,6.644716379186383
common_voice_22_0_248,0.0,1.787375,utt,-49.27548882681564,-45.10115051269531,1.2141990762091948,3.875309041155134
common_voice_22_0_1201,0.0,0.3926,utt,-57.67320212339744,-58.56847858428955,1.208214744391191,14.49746340943075
common_voice_22_0_1132,0.0,1.2346,utt,-53.46988138338415,-51.24637746810913,1.208214220488865,11.444063547464676
common_voice_22_0_1164,0.0,0.8385,utt,-54.122047061011905,-58.055594308035715,1.2080914091325325,16.346792531506107
common_voice_22_0_312,0.0,1.8855,utt,-52.379030257936506,-50.972310384114586,1.2080914091325325,4.645434814328251
common_voice_22_0_983,0.0,1.2455625,utt,-55.13559765625,-53.53038024902344,1.2080914091325325,12.284825840686757
common_voice_22_0_802,0.0,1.147875,utt,-52.56474609375,-51.11102345784505,1.2080914091325325,7.8015370134141016
common_voice_22_0_1202,0.0,0.840375,utt,-51.55511765252976,-53.00367736816406,1.2080906538315057,5.3249543910624055
common_voice_22_0_885,0.0,1.2291875,utt,-56.498582793445124,-55.71502903529576,1.2080906538315057,13.532463694705509
common_voice_22_0_1010,0.0,1.0763,utt,-50.78857421875,-48.338594610040836,1.2080906538315057,10.529582372310301
common_voice_22_0_871,0.0,1.3521875,utt,-52.39172815393518,-51.16923229510967,1.2080893949964613,9.791288171630631
common_voice_22_0_1173,0.0,0.9355625,utt,-66.0396754488032,-53.10395940144857,1.2080893949964613,10.790358427492459
common_voice_22_0_401,0.0,2.0820625,utt,-53.28363506610577,-52.037072441794656,1.2080873808603898,10.840555082577515
common_voice_22_0_494,0.0,1.3936875,utt,-57.70491653552158,-56.148951078716074,1.1830350608186149,9.082788054478733
common_voice_22_0_44,0.0,2.7074,utt,-56.01876369349631,-54.97708335289588,1.1830350608186149,20.83058133881507
common_voice_22_0_1072,0.0,0.9115,utt,-56.98570570054945,-57.569561351429336,1.1770758603203735,15.207242912719927
common_voice_22_0_821,0.0,1.1736875,utt,-51.93267144097222,-50.685473033360076,1.172898023942276,8.34581889647277
common_voice_22_0_1122,0.0,0.6879,utt,-56.34250099071558,-53.900712966918945,1.1655263288412294,9.303922665233758
common_voice_22_0_156,0.0,3.12625,utt,-53.41561626397763,-54.281885359022354,1.1646855468910504,11.152436196572832
common_voice_22_0_1194,0.0,0.5312,utt,-59.539546174823116,-53.87180995941162,1.1646844158291851,2.3299717710088306
common_voice_22_0_1161,0.0,0.638,utt,-56.679012298583984,-55.064857482910156,1.1646844158291851,7.44952736053259
common_voice_22_0_973,0.0,1.0650625,utt,-58.06781633323598,-56.877508799235024,1.1646841330637188,1.2062412162974567
common_voice_22_0_924,0.0,0.9579,utt,-59.5114491780599,-58.34755992889404,1.1646832847673199,8.198363884894746
common_voice_22_0_406,0.0,1.8526875,utt,-52.381598395270274,-50.92623569654382,1.1586198466381,9.813214456010142
common_voice_22_0_419,0.0,1.70425,utt,-53.562201286764704,-52.35116529464722,1.1586198466381,15.119604257301454
common_voice_22_0_1169,0.0,1.4043,utt,-69.85973074776786,-51.38488497052874,1.1586189995279148,13.395178004407713
common_voice_22_0_928,0.0,0.8854,utt,-45.59754926702949,-44.115811568040115,1.1573215742846994,9.17331201691909
common_voice_22_0_657,0.0,1.6885,utt,-51.3059587647929,-51.941423654556274,1.1573210707506816,10.068502402851
common_voice_22_0_1081,0.0,0.90075,utt,-48.223529730902776,-46.50906181335449,1.1573210707506816,13.256038636075104
common_voice_22_0_594,0.0,1.4219,utt,-50.569538814920776,-48.19862245258532,1.1573210707506816,7.232001537487388
common_voice_22_0_664,0.0,1.4304,utt,-54.28820544689685,-52.86093669467502,1.157320063682646,9.517737601577409
common_voice_22_0_603,0.0,1.5922,utt,-52.7024985259434,-50.932973861694336,1.157320063682646,9.190297672699097
common_voice_22_0_30,0.0,2.7694,utt,-48.5665120148917,-47.204895170111406,1.1336142794687694,7.0496054768829275
common_voice_22_0_471,0.0,1.6201,utt,-54.7588794849537,-54.511529420551504,1.128324648054313,14.661023131869966
common_voice_22_0_685,0.0,1.2031,utt,-56.542529296875,-56.07062479654948,1.1283237973223061,4.785108334262535
common_voice_22_0_961,0.0,1.1351875,utt,-55.79200503700658,-52.45624542236328,1.1283237973223061,7.968418754828017
common_voice_22_0_1158,0.0,0.5575625,utt,-56.397147042410715,-55.89882714407785,1.1257223074286797,9.096265589693694
common_voice_22_0_1070,0.0,1.2586,utt,-55.73062763516865,-52.31253623962402,1.1247276486072784,5.631688376009066
common_voice_22_0_870,0.0,1.1203,utt,-58.721156529017854,-58.265672138759065,1.1153237670358889,15.265330695927442
common_voice_22_0_695,0.0,1.474875,utt,-54.27564639136905,-54.02248764038086,1.113508011681445,13.994576664430044
common_voice_22_0_560,0.0,2.3592,utt,-52.80971514168432,-52.579892264472115,1.1040244265181913,12.069104766274307
common_voice_22_0_1002,0.0,1.8808,utt,-49.460329745678195,-52.466775512695314,1.0871718073203853,12.608766379537283
common_voice_22_0_898,0.0,1.4360625,utt,-53.076751708984375,-56.862643021803635,1.0846837845765316,12.141496197667372
common_voice_22_0_534,0.0,1.3251875,utt,-53.04182330827068,-50.891993840535484,1.0846837845765316,13.175317159918823
common_voice_22_0_984,0.0,1.0306875,utt,-49.55401907615291,-49.17183215801533,1.084682781000219,13.244882328940871
common_voice_22_0_755,0.0,1.21825,utt,-56.875572329661885,-56.856138944625854,1.0708301662141733,17.660439052085266
common_voice_22_0_937,0.0,1.0468,utt,-52.797251674107144,-51.61080873929537,1.0638201194339811,10.20896070117127
common_voice_22_0_987,0.0,1.3802,utt,-64.76745782382247,-53.31550407409668,1.0541143991643165,19.469166825541734
common_voice_22_0_536,0.0,1.5886875,utt,-49.92021668632076,-48.30713596343994,1.0466837512807452,11.360230370438236
common_voice_22_0_1011,0.0,0.89075,utt,-53.044707909058985,-52.73973187533292,1.0466837512807452,14.570573719938528
common_voice_22_0_962,0.0,1.2501875,utt,-55.9058203125,-53.505858334628016,1.0466837512807452,8.279778763987284
common_voice_22_0_606,0.0,1.4520625,utt,-50.680347521551724,-49.117672729492185,1.0466829862097466,9.060742137081794
common_voice_22_0_1099,0.0,0.8562,utt,-51.08014057957849,-48.847588009304474,1.0466827311860805,10.17621769155074
common_voice_22_0_817,0.0,1.9544,utt,-46.568674879807695,-50.219916123610275,1.046681711091416,15.155787328588811
common_voice_22_0_857,0.0,1.083,utt,-60.12682653356482,-59.328321310190056,1.046681711091416,5.917825374857474
common_voice_22_0_1014,0.0,0.9653,utt,-50.830984213917525,-49.98060538552024,1.041143641253714,12.04945950750385
common_voice_22_0_1029,0.0,1.8556,utt,-47.77481308803763,-49.58790588378906,1.0115736426918114,17.600800097496247
common_voice_22_0_979,0.0,1.741875,utt,-47.98481838182471,-50.25897789001465,1.0110642956447415,16.198378226101326
common_voice_22_0_909,0.0,1.4190625,utt,-51.37980028609155,-51.725967113788315,1.0110621739282644,12.071846162847562
common_voice_22_0_257,0.0,2.989875,utt,-53.082436245819395,-53.35004965464274,1.0110600522117872,16.188115046506432
common_voice_22_0_800,0.0,1.487875,utt,-59.292503408137584,-55.112444741385325,1.007038918809241,6.540274588693929
common_voice_22_0_1171,0.0,0.498375,utt,-58.257880859375,-57.037296295166016,1.007038918809241,4.769872827910051
common_voice_22_0_1032,0.0,0.8047,utt,-51.40907592773438,-48.40318832397461,1.0070381537382425,5.616942798706106
common_voice_22_0_1094,0.0,0.7210625,utt,-60.65058729383681,-58.88480080498589,1.0070381537382425,4.285982407821161
common_voice_22_0_816,0.0,1.295375,utt,-52.286309344951924,-49.77519886310284,0.9951677941900088,2.6182691950317043
common_voice_22_0_1039,0.0,0.7125,utt,-54.62859333736796,-53.30234260559082,0.9951669929599748,7.031984360644255
common_voice_22_0_1175,0.0,0.6935625,utt,-54.7578125,-54.41282971700033,0.9951667926524663,7.703616520032742
common_voice_22_0_587,0.0,1.5070625,utt,-58.00738565811258,-56.45245002297794,0.9951645892698728,5.633471975284227
common_voice_22_0_776,0.0,1.1641875,utt,-52.97619207974138,-52.023293018341064,0.9343962514715591,14.759106578223378
common_voice_22_0_1075,0.0,1.0146875,utt,-51.674166537747524,-49.71429786682129,0.886770924407148,5.413635126150293
common_voice_22_0_1129,0.0,0.8005625,utt,-57.706878662109375,-57.0968451499939,0.886770924407148,0.9441599484506185
common_voice_22_0_914,0.0,1.346875,utt,-53.901414207175925,-53.51134440104167,0.886770924407148,15.983759686706504
common_voice_22_0_729,0.0,1.0696,utt,-56.49792366384346,-54.51663425990513,0.8743754124860275,3.9166184976789857
common_voice_22_0_1126,0.0,0.6052,utt,-57.124107485911885,-56.67473711286272,0.8701745133433297,15.99917918572994
common_voice_22_0_1065,0.0,0.9306875,utt,-65.94464045698925,-56.32038917541504,0.8698840477089373,13.817410030038012
common_voice_22_0_848,0.0,1.034,utt,-54.69017369538835,-52.95864562988281,0.86521357762168,12.046161459956707
common_voice_22_0_652,0.0,1.2299,utt,-53.587199885670735,-52.46480021757238,0.8194054337965234,16.367467097256654
common_voice_22_0_1181,0.0,0.5209,utt,-60.26495361328125,-55.5076322555542,0.8125652380180931,6.381052724179003
common_voice_22_0_619,0.0,1.3981,utt,-56.62489188058036,-54.842157151963974,0.786824619189884,26.298493202754404
common_voice_22_0_846,0.0,1.1574,utt,-50.660783438846984,-49.79143320719401,0.782315128476122,11.573374504174275
common_voice_22_0_948,0.0,1.1105625,utt,-52.45352090371622,-50.18708038330078,0.7234038943104123,10.53989131648698
common_voice_22_0_1191,0.0,0.5350625,utt,-56.8397533275463,-55.41903305053711,0.7043965970951365,7.653243667582773
common_voice_22_0_1018,0.0,0.9546,utt,-55.42054379111842,-54.21646842956543,0.5781049453524314,8.736094613411366
