file,begin,end,speaker,overall_log_likelihood,speech_log_likelihood,phone_duration_deviation,snr
common_voice_22_0_1210,0.0,0.3801875,utt,-57.68654271175987,-65.65345764160156,9.034066859498717,12.731262877837064
common_voice_22_0_1004,0.0,1.1016,utt,-51.341721413352275,-49.59068069458008,7.73103957550327,22.136528492876973
common_voice_22_0_253,0.0,2.0843,utt,-52.85825758713942,-53.22203018188477,7.402640350531431,7.712334693317006
common_voice_22_0_42,0.0,3.6616,utt,-59.67026340505465,-55.15850500158361,7.402639306227886,14.117864074415278
common_voice_22_0_750,0.0,1.6299,utt,-56.694695408358896,-54.89418816566467,7.130085481235605,5.407776202061742
common_voice_22_0_665,0.0,1.5902,utt,-60.120995479559745,-59.05630789862739,7.086120223496896,5.403675938791357
common_voice_22_0_1017,0.0,1.2411,utt,-54.72065587197581,-56.29609966278076,7.052229517378696,5.14473852057756
common_voice_22_0_487,0.0,1.7199,utt,-56.05836096475291,-54.70545096146433,6.7517161632463685,5.990954121850539
common_voice_22_0_112,0.0,2.538875,utt,-56.139252429872045,-55.48045230733937,6.699023859068846,6.229414199875681
common_voice_22_0_220,0.0,2.3974,utt,-59.172770182291664,-57.60275050571987,6.699021912457037,9.882882941864821
common_voice_22_0_1134,0.0,0.82025,utt,-55.142679354039636,-53.28314045497349,6.630912783022128,8.189145683982861
common_voice_22_0_552,0.0,1.8391,utt,-55.262265412703805,-54.780402713351776,6.372434956108696,3.097187335216761
common_voice_22_0_153,0.0,2.6893,utt,-51.4233561802974,-51.59601297686177,6.351409939680316,15.885173651288348
common_voice_22_0_78,0.0,2.8664,utt,-55.35786081772648,-53.63077348651308,6.343450553105302,5.029631595436573
common_voice_22_0_709,0.0,1.5761875,utt,-55.40016193631329,-54.93253259097828,6.288894921169835,6.566034263010909
common_voice_22_0_1084,0.0,0.8256875,utt,-49.77498470444277,-49.22787117958069,6.253877442752085,17.681509444976548
common_voice_22_0_73,0.0,2.7668,utt,-53.63149043885379,-51.596581757068634,6.15983839149904,6.038855539816039
common_voice_22_0_65,0.0,2.8024,utt,-55.46140834263393,-54.27460381644113,6.105212589201185,14.443445191852629
common_voice_22_0_137,0.0,2.0442,utt,-55.0802791819853,-54.38927064118562,6.001000150831126,7.191922485906662
common_voice_22_0_317,0.0,1.8809,utt,-56.839791805186174,-57.33038493565151,6.000999628679353,16.800157867241218
common_voice_22_0_593,0.0,1.5065625,utt,-51.848526102028146,-52.168824647602285,5.9222142033876475,12.879267908443932
common_voice_22_0_1152,0.0,0.7325625,utt,-58.82550968535959,-55.84558432442801,5.921705581236303,1.0693695847801248
common_voice_22_0_76,0.0,2.950375,utt,-54.1606594279661,-53.43356007167271,5.8668333581751355,8.557119505904613
common_voice_22_0_1085,0.0,0.8650625,utt,-55.25822781968391,-52.70034832424588,5.814455601443883,8.165513978515927
common_voice_22_0_245,0.0,2.3456,utt,-56.95013713430851,-55.49651397705078,5.7485069722940105,3.8255974282541896
common_voice_22_0_807,0.0,1.2464,utt,-51.39878515625,-51.84155069986979,5.719259096800207,10.280863110489495
common_voice_22_0_522,0.0,3.9575,utt,-57.429495146780305,-59.76657204878958,5.719259096800207,8.539511212979619
common_voice_22_0_504,0.0,2.4856,utt,-61.33503937625502,-52.430747985839844,5.65466513891095,10.443083225457684
common_voice_22_0_429,0.0,1.758875,utt,-53.54525479403409,-54.05369150070917,5.495523075730053,7.165570746153842
common_voice_22_0_434,0.0,1.7511875,utt,-49.06910714285714,-48.82272084554037,5.485548744134212,12.313599559987821
common_voice_22_0_269,0.0,2.1583,utt,-57.090390805844905,-57.31665954589844,5.485548744134212,2.1503954302309447
common_voice_22_0_390,0.0,1.940875,utt,-57.10684801868557,-53.51176252819243,5.421250348413564,3.0847684875344434
common_voice_22_0_111,0.0,2.7090625,utt,-51.949795318265686,-51.15013516743978,5.4141039086432245,12.2045582732073
common_voice_22_0_1008,0.0,0.9800625,utt,-52.75132035235969,-52.24379556829279,5.403017476179365,7.824614116819317
common_voice_22_0_602,0.0,1.7335625,utt,-55.09700708995665,-56.01797799503102,5.392674087063675,22.155544773126593
common_voice_22_0_294,0.0,1.9265625,utt,-60.27690859779793,-58.10378901163737,5.392670193840058,1.991987608575652
common_voice_22_0_705,0.0,2.478375,utt,-55.12920158140121,-55.74429728190104,5.339601662714671,8.62634826998301
common_voice_22_0_25,0.0,3.6107,utt,-53.78758007271468,-52.41986976970326,5.3227786416970515,16.51204904299944
common_voice_22_0_213,0.0,2.6161875,utt,-57.62590947041985,-54.80288028717041,5.300180573132746,4.497844326851645
common_voice_22_0_191,0.0,2.5076875,utt,-62.72529802664343,-63.0087398952908,5.300180573132746,7.770394734708404
common_voice_22_0_101,0.0,3.4055,utt,-56.702500687316714,-54.065584982595134,5.300180573132746,2.8952133319202673
common_voice_22_0_52,0.0,2.6446875,utt,-54.853519324100375,-53.231163827996504,5.219168683341717,12.188468440903591
common_voice_22_0_918,0.0,1.356,utt,-47.77885526769302,-48.9242000579834,5.104790828592413,9.801134141976913
common_voice_22_0_837,0.0,1.2458,utt,-61.9080703125,-61.49801753117488,5.10479003153146,8.81864069592098
common_voice_22_0_532,0.0,1.6246,utt,-49.624014395254626,-49.211837959289554,5.08954165234515,4.643705163283633
common_voice_22_0_363,0.0,1.8908,utt,-56.193881241732804,-56.34613400413876,5.089539783870719,2.6449087668456706
common_voice_22_0_215,0.0,2.6572,utt,-62.5402813674812,-58.44450881958008,5.066087130715335,5.016328625347182
common_voice_22_0_481,0.0,2.5341,utt,-53.92910851037549,-47.76911845960115,4.949770784283555,11.174923078387515
common_voice_22_0_1086,0.0,1.689375,utt,-43.35445173816568,-48.79174586704799,4.949770784283555,17.354741846105508
common_voice_22_0_630,0.0,1.3786875,utt,-56.1484375,-55.87743520736694,4.949770784283555,8.5782148616213
common_voice_22_0_1138,0.0,0.889875,utt,-49.831619777036515,-49.04182004928589,4.9497697399800105,11.3322592246985
common_voice_22_0_1103,0.0,2.5135625,utt,-46.802734375,-50.12854051589966,4.949768695676465,11.918973377372483
common_voice_22_0_586,0.0,1.7185625,utt,-65.00065861191861,-60.670143351835364,4.853539434790249,6.872625598739253
common_voice_22_0_893,0.0,1.0980625,utt,-52.13560458096591,-51.44997259286734,4.776062091562072,3.4618305530189932
common_voice_22_0_435,0.0,2.2346,utt,-56.74834466087444,-59.67439751876028,4.757688816306233,5.4776303823886465
common_voice_22_0_80,0.0,2.9716875,utt,-57.93522464225589,-56.321700831821985,4.757687883498566,9.323437443620744
common_voice_22_0_71,0.0,2.8308,utt,-52.146367049469966,-51.6726118145567,4.745297781341653,7.666185699082195
common_voice_22_0_164,0.0,2.5340625,utt,-61.180081212944664,-59.606511482825645,4.745297781341653,4.328094795127113
common_voice_22_0_227,0.0,1.9554,utt,-53.98496293048469,-52.0120849609375,4.745295788142169,8.712019597803252
common_voice_22_0_478,0.0,1.6020625,utt,-48.738250732421875,-47.217714595794675,4.745295788142169,9.10863201117878
common_voice_22_0_181,0.0,1.958375,utt,-50.821010044642854,-48.62566539219448,4.706825612607145,12.216639427089435
common_voice_22_0_863,0.0,1.0089,utt,-51.392143022896036,-51.556939345139725,4.702153594717831,8.371811212590478
common_voice_22_0_812,0.0,1.1354,utt,-57.78898968612938,-59.05467128753662,4.599360995434366,1.7175923401604436
common_voice_22_0_943,0.0,1.430375,utt,-50.71054141171329,-48.888986905415855,4.599359428979048,8.63482356456888
common_voice_22_0_491,0.0,1.6624,utt,-54.099991763930724,-53.74580346970331,4.599358906827275,5.101851181680198
common_voice_22_0_710,0.0,1.84575,utt,-58.14374472128378,-60.636089100557214,4.599358906827275,6.131771415386359
common_voice_22_0_970,0.0,1.007875,utt,-48.00144550587871,-48.34890111287435,4.586123385176368,6.61052018137274
common_voice_22_0_343,0.0,1.6338,utt,-52.83972991756135,-52.081674575805664,4.581707118154348,11.918530412705854
common_voice_22_0_516,0.0,1.8421,utt,-51.93577509341033,-51.528958820161364,4.567897009578543,21.528017648323605
common_voice_22_0_118,0.0,2.2256875,utt,-59.27997565162556,-56.585444895426434,4.537899560376508,4.493211567486378
common_voice_22_0_289,0.0,2.3184,utt,-56.5177001953125,-55.82674503326416,4.498826701873376,5.1955938569684825
common_voice_22_0_1127,0.0,0.7121,utt,-54.51381629621479,-53.15398243495396,4.46648023969026,10.782521894132033
common_voice_22_0_797,0.0,1.2459,utt,-61.49930078125,-61.21942901611328,4.44469173304834,4.058775155217946
common_voice_22_0_201,0.0,2.1791875,utt,-53.30436944524082,-53.002402976707174,4.412913218018653,1.7165872654714196
common_voice_22_0_135,0.0,2.2251875,utt,-58.780374159192824,-57.27233232770647,4.412913218018653,4.804536424824562
common_voice_22_0_558,0.0,1.6465625,utt,-58.72878787878788,-57.61465674952457,4.412911271406845,7.216589371447995
common_voice_22_0_739,0.0,1.2432,utt,-47.65819131174395,-46.983184051513675,4.410893222791254,9.498991659174107
common_voice_22_0_327,0.0,1.8297,utt,-54.29226434426229,-52.46309744793436,4.403113974174285,18.884661521120876
common_voice_22_0_175,0.0,3.3283,utt,-62.377656953828826,-56.31193569728306,4.319459345984022,2.430985632826456
common_voice_22_0_900,0.0,1.3219,utt,-51.096394856770836,-50.70429202488491,4.319459345984022,7.382108676164599
common_voice_22_0_69,0.0,2.733375,utt,-54.35693538232601,-54.57804230720766,4.305468854211719,6.724130873778389
common_voice_22_0_1036,0.0,1.02825,utt,-55.26514145934466,-53.844167709350586,4.276273199936328,7.282347877486197
common_voice_22_0_507,0.0,1.5836875,utt,-55.344732743275316,-54.374658283434414,4.276273199936328,8.51208155314103
common_voice_22_0_1186,0.0,0.5546875,utt,-57.693674538352276,-57.89356517791748,4.248949117978084,8.234123224033556
common_voice_22_0_1053,0.0,0.9576,utt,-50.528422037760414,-50.8306097984314,4.248949117978084,4.8013230757567875
common_voice_22_0_714,0.0,2.9093,utt,-53.56596998496563,-53.00588774681091,4.248947029370993,8.487961629593782
common_voice_22_0_338,0.0,1.6609,utt,-49.3113675404744,-48.646257400512695,4.248947029370993,6.867348535120495
common_voice_22_0_611,0.0,1.6161,utt,-52.09367766203704,-51.02916470695944,4.239887897532338,22.794255161062196
common_voice_22_0_618,0.0,1.4075625,utt,-57.556765292553195,-56.58627790563247,4.131695582598114,4.711801129500131
common_voice_22_0_416,0.0,1.680875,utt,-52.956368582589285,-52.11556911468506,4.114898629796586,14.759550901681042
common_voice_22_0_244,0.0,1.779875,utt,-51.8319763869382,-50.171222845713295,4.108787858596656,6.899086568246828
common_voice_22_0_874,0.0,1.1460625,utt,-49.52018512228261,-49.91821098327637,4.086323341752601,9.73083100887687
common_voice_22_0_291,0.0,2.0355625,utt,-59.066214767156865,-58.18726936976115,4.086322368446696,8.648433161630006
common_voice_22_0_345,0.0,2.7241875,utt,-51.992729635799634,-52.13837796165829,4.086322368446696,14.04127379874327
common_voice_22_0_622,0.0,2.3218,utt,-58.12000353582974,-53.3790184469784,4.052418505736428,12.102920907664256
common_voice_22_0_763,0.0,1.9721,utt,-68.29000436230965,-60.25063985188802,4.03499607499789,10.04236449602079
common_voice_22_0_814,0.0,1.1121875,utt,-61.099451013513516,-58.35111945016043,4.03499607499789,27.267924434928517
common_voice_22_0_337,0.0,1.93975,utt,-55.46322285760309,-55.40953170776367,4.028990965237528,5.18525360442618
common_voice_22_0_822,0.0,1.3374,utt,-53.689077804337686,-51.60322570800781,4.014646839496146,2.273403449406551
common_voice_22_0_702,0.0,1.2997,utt,-61.58308293269231,-59.32283020019531,4.014646059788089,2.0586993579885853
common_voice_22_0_969,0.0,1.5264,utt,-52.01203150531046,-51.92177391052246,3.9687509084323485,16.33849704872466
common_voice_22_0_1023,0.0,1.0315625,utt,-56.24737845115291,-52.7137393951416,3.9678483436980865,1.7613466190232945
common_voice_22_0_884,0.0,1.1840625,utt,-51.621900655455505,-51.88214052640475,3.955647877720713,6.131321269850176
common_voice_22_0_623,0.0,1.5241,utt,-53.883393940172695,-54.65951268813189,3.909206139884771,7.639652336361989
common_voice_22_0_845,0.0,2.0995,utt,-60.37820405505953,-60.34112675984701,3.908786478133168,9.691018695685965
common_voice_22_0_447,0.0,2.4705625,utt,-52.52602716978745,-51.55812301635742,3.908786478133168,12.974832974170743
common_voice_22_0_326,0.0,2.5027,utt,-53.5423671875,-52.143888993696734,3.9087841137056083,6.378387479406431
common_voice_22_0_635,0.0,1.501375,utt,-49.67701822916667,-49.120655957390284,3.908781749278049,7.7160785421433395
common_voice_22_0_271,0.0,1.9678,utt,-54.08870360088832,-53.57903081720526,3.898541417735985,4.675263697347768
common_voice_22_0_636,0.0,1.1811875,utt,-56.572865631620765,-56.1119863986969,3.8985393291288943,4.162101487200502
common_voice_22_0_430,0.0,1.6281875,utt,-59.15689704754601,-58.95079352638938,3.8985372405218035,13.080037081277752
common_voice_22_0_179,0.0,4.433875,utt,-53.56730565744921,-57.557913418473866,3.8985372405218035,12.621895935362506
common_voice_22_0_265,0.0,1.799875,utt,-59.03681098090278,-57.40789764404297,3.876692716793806,1.3607102405835168
common_voice_22_0_136,0.0,2.0334,utt,-56.516110875923644,-55.679020690917966,3.876691298423255,7.773018661113197
common_voice_22_0_415,0.0,2.1291,utt,-53.13912118544601,-54.327928924560545,3.873083621985287,18.14929817714419
common_voice_22_0_196,0.0,2.318375,utt,-57.790666251346984,-56.475822872585724,3.8356290146361345,5.088001509739845
common_voice_22_0_74,0.0,3.418375,utt,-60.68651772660819,-56.35041872660319,3.8356290146361345,3.371670326124013
common_voice_22_0_182,0.0,2.4390625,utt,-52.793949314805324,-53.181036631266274,3.835628080398919,8.567726889963879
common_voice_22_0_809,0.0,1.5824,utt,-52.38951864121835,-49.54217681884766,3.835627146161703,7.312910190559716
common_voice_22_0_241,0.0,2.4555,utt,-53.00223497840447,-53.03299874525804,3.8213431916353797,16.153909993764387
common_voice_22_0_314,0.0,2.4245625,utt,-65.8182948088843,-59.99486773947011,3.8186957009172176,7.22770147785827
common_voice_22_0_173,0.0,2.8305625,utt,-52.233853936616605,-53.082272496716726,3.7853776654888347,14.443032362156139
common_voice_22_0_589,0.0,2.4418,utt,-50.494044569672134,-48.906517876519096,3.7597373587101637,17.375287537330916
common_voice_22_0_543,0.0,1.5584,utt,-59.11291190905449,-56.62484199122379,3.7597373587101637,5.999105645160517
common_voice_22_0_1031,0.0,1.00825,utt,-56.917915570853964,-54.870186233520506,3.759736932888831,9.486511129469628
common_voice_22_0_717,0.0,1.1821875,utt,-57.4837211996822,-56.55989720271184,3.7597368720572115,4.591682451054318
common_voice_22_0_169,0.0,2.4701875,utt,-54.08216962930162,-51.69483934599778,3.7597368720572115,6.118198552141635
common_voice_22_0_927,0.0,1.3956,utt,-56.32783551897322,-56.088867568969725,3.7530204790559654,0.21664577498708404
common_voice_22_0_565,0.0,1.626,utt,-54.9810558857362,-52.72344207763672,3.7530196993479077,0.039593136356703695
common_voice_22_0_146,0.0,3.9442,utt,-51.14263265387056,-51.06956604988344,3.7530195044208936,11.174328759990036
common_voice_22_0_310,0.0,2.1301875,utt,-55.362281763497656,-55.91245094935099,3.7420865971898105,7.5651310252685935
common_voice_22_0_952,0.0,1.3264,utt,-58.38676280545113,-55.73970031738281,3.742086348039875,1.5519034908621787
common_voice_22_0_585,0.0,1.4883,utt,-54.300371618078856,-53.29515878777755,3.6783945912747384,4.320682191473036
common_voice_22_0_108,0.0,2.1336,utt,-57.74618086120892,-57.006465673446655,3.6349997040876927,2.2040837461990854
common_voice_22_0_375,0.0,1.6236,utt,-57.15716025270062,-55.41912442161923,3.6349997040876927,11.722222593761163
common_voice_22_0_316,0.0,1.9533,utt,-52.63162560096154,-52.7972936630249,3.6255975407487737,9.491216276556262
common_voice_22_0_39,0.0,3.539,utt,-49.337669932909606,-48.30688192905524,3.5854635945925817,9.846922988450864
common_voice_22_0_838,0.0,2.0219,utt,-52.79882329053218,-57.02340562003,3.5690735025397906,15.627891740612075
common_voice_22_0_651,0.0,1.4740625,utt,-56.67568160076531,-55.32354482014974,3.548129540279704,9.219951657493704
common_voice_22_0_24,0.0,3.7735,utt,-55.55881652022546,-55.20234993828667,3.548129540279704,15.685861327405362
common_voice_22_0_100,0.0,3.0158,utt,-55.30792761796358,-54.294910073280334,3.5481290181279315,6.991150171878953
common_voice_22_0_301,0.0,3.8225,utt,-66.5234375,-56.509937604268394,3.548127451672613,5.049879820725993
common_voice_22_0_249,0.0,1.8284,utt,-55.16194394637978,-54.96948303222656,3.548127451672613,3.774011677236377
common_voice_22_0_545,0.0,1.5545625,utt,-55.973116179435486,-55.27823469373915,3.548127451672613,7.468624819795986
common_voice_22_0_661,0.0,1.7534,utt,-65.94797991071428,-57.908971898696,3.533633813499031,7.980878538958441
common_voice_22_0_62,0.0,2.603,utt,-53.41003230168269,-52.601616688263725,3.533632195565209,9.539562872986172
common_voice_22_0_790,0.0,2.1669,utt,-50.79394981278802,-48.275531496320454,3.5247243919174345,15.78704461117459
common_voice_22_0_70,0.0,3.9565,utt,-53.56987354008838,-52.69765592876234,3.524721295804181,9.74823795594927
common_voice_22_0_562,0.0,1.905875,utt,-54.18162528632199,-53.333544338450714,3.5221489867344493,12.50553534087309
common_voice_22_0_293,0.0,2.0414,utt,-58.02772192861519,-56.03726345559825,3.522147585378626,6.257340680427852
common_voice_22_0_190,0.0,3.5011,utt,-53.32178571428572,-55.24512687096229,3.522147585378626,11.707614835385053
common_voice_22_0_372,0.0,1.683375,utt,-54.91485886346726,-53.27272756476151,3.520544467861191,18.870560960885474
common_voice_22_0_180,0.0,2.297375,utt,-51.477127207880436,-48.48360729217529,3.51210269917011,5.043902045869743
common_voice_22_0_183,0.0,2.2930625,utt,-56.30759160070961,-55.25202433268229,3.512102209059502,7.800712954741686
common_voice_22_0_27,0.0,3.3446875,utt,-52.14634987836826,-51.84255518232073,3.5121017376270567,19.01357784561249
common_voice_22_0_1076,0.0,0.8763,utt,-53.88417746803977,-51.7618820884011,3.5056976848516563,17.044285316515808
common_voice_22_0_439,0.0,2.2035,utt,-61.352783203125,-55.76097297668457,3.505695819236321,13.528441778527291
common_voice_22_0_890,0.0,1.2711875,utt,-57.51208784448819,-55.14559119088309,3.4913925591996695,17.80895828146542
common_voice_22_0_641,0.0,1.5385,utt,-48.51511135349026,-46.60467843448414,3.485770695573472,7.188640194112178
common_voice_22_0_41,0.0,2.4481875,utt,-58.270551658163264,-57.7635853767395,3.440204224398927,0.8467909162057641
common_voice_22_0_60,0.0,2.7311,utt,-55.904987265338825,-54.51700275966099,3.4390921482149364,7.669320061548088
common_voice_22_0_707,0.0,2.07825,utt,-63.23802771935096,-57.33558069864909,3.433152348973632,7.463379268844921
common_voice_22_0_421,0.0,1.8188,utt,-53.762453854739015,-54.05954251970564,3.4331504023618233,6.8679118973478435
common_voice_22_0_1051,0.0,1.02625,utt,-58.130565458131066,-60.74150085449219,3.433149429055919,0.7222062207105431
common_voice_22_0_652,0.0,1.2299,utt,-53.616512639735774,-52.43605624928194,3.4331484557500147,16.36746746352671
common_voice_22_0_31,0.0,2.7554,utt,-55.107747395833336,-55.88523586376293,3.4331445625263974,7.761062919854497
common_voice_22_0_1184,0.0,0.567375,utt,-54.96574321546053,-54.118340492248535,3.4235341198614115,22.83060861683715
common_voice_22_0_207,0.0,2.1253,utt,-51.024615793720656,-49.97824255625407,3.4052564891957258,8.834148161125347
common_voice_22_0_131,0.0,2.3791875,utt,-52.351919478728995,-51.6252187093099,3.3973624486075074,8.316416141610805
common_voice_22_0_734,0.0,1.2838,utt,-54.5958366394043,-52.893966968242935,3.352769339590747,5.778343990428876
common_voice_22_0_608,0.0,1.7108,utt,-52.356679459064324,-53.0451480017768,3.3217965614823846,3.179971807001399
common_voice_22_0_555,0.0,2.7285,utt,-56.589629120879124,-60.067913456967005,3.3217965614823846,15.34642324337256
common_voice_22_0_615,0.0,1.4706875,utt,-64.21213329081633,-62.88559767779182,3.3217965614823846,5.758699854762888
common_voice_22_0_1115,0.0,1.086,utt,-52.52634030963303,-52.48183870315552,3.321795498734447,11.89367359106515
common_voice_22_0_93,0.0,2.8586875,utt,-55.06300876857517,-60.094693800982306,3.3217944359865093,4.864744273872258
common_voice_22_0_134,0.0,2.2838,utt,-55.65241228070175,-54.39816474914551,3.3081794380102623,20.987611112130494
common_voice_22_0_442,0.0,1.6109,utt,-51.69562184588509,-48.89695880287572,3.3025732906076173,14.044017443688741
common_voice_22_0_369,0.0,2.066,utt,-56.21650909571256,-54.979163625965946,3.3025732906076173,5.188677298129832
common_voice_22_0_61,0.0,3.1125,utt,-58.84819634244373,-57.205108745678054,3.2709435759564793,4.422522524096276
common_voice_22_0_221,0.0,2.0895,utt,-58.19983085376794,-56.19418207804362,3.2621865844488824,4.489526316902619
common_voice_22_0_831,0.0,1.07125,utt,-66.28381461740655,-62.37484799898588,3.2512951891491677,-0.7110661323553273
common_voice_22_0_218,0.0,2.1641,utt,-53.20600495515046,-52.42142966941551,3.251292801615727,7.255738647701337
common_voice_22_0_574,0.0,1.4199,utt,-58.191695092429576,-56.7022274241728,3.2464607108934214,6.639528624448264
common_voice_22_0_879,0.0,1.48675,utt,-61.82958001258389,-58.66335061880258,3.246458997598273,7.109974664447657
common_voice_22_0_496,0.0,1.676875,utt,-56.47450474330357,-55.538580939883275,3.2421222425346725,16.93848643058488
common_voice_22_0_205,0.0,2.7879,utt,-64.90864415322581,-58.02864682232892,3.2399682412651796,12.241039237289495
common_voice_22_0_23,0.0,3.2416875,utt,-56.16628086419753,-56.211320776688424,3.2399623088193605,4.475415985524796
common_voice_22_0_825,0.0,1.3417,utt,-52.61458211870336,-54.9231931246244,3.229767758175604,7.4563191717440365
common_voice_22_0_553,0.0,1.4025625,utt,-52.02440708705357,-49.95962609185113,3.229766198759489,12.937168057804005
common_voice_22_0_251,0.0,2.0051875,utt,-53.93285039645522,-50.23901519775391,3.2086717615444114,1.6103937177958123
common_voice_22_0_254,0.0,1.9285,utt,-49.6895290236399,-48.41282570880392,3.2086708273071958,9.809252359465376
common_voice_22_0_284,0.0,1.8383,utt,-52.71546471637228,-51.66947820912237,3.205897832467947,11.445787784995211
common_voice_22_0_95,0.0,3.6614,utt,-60.14918459699454,-54.36574273950913,3.197721840037605,7.825136722820016
common_voice_22_0_45,0.0,3.0651,utt,-60.65032700529316,-59.268314670872044,3.197721840037605,3.237316528138148
common_voice_22_0_479,0.0,1.7789,utt,-57.679605205407306,-55.88382158781353,3.197719751430514,9.393936546500246
common_voice_22_0_212,0.0,2.5259,utt,-55.6771052062747,-53.342351847681506,3.197719751430514,8.388492481904054
common_voice_22_0_59,0.0,2.6878,utt,-53.99921221538104,-52.431250291712146,3.197719751430514,3.3548727044240874
common_voice_22_0_1124,0.0,1.0008,utt,-64.965458984375,-55.10297107696533,3.1977188376649117,8.562661610892976
common_voice_22_0_1142,0.0,0.88575,utt,-50.23653660463483,-49.22545732770647,3.1977187071269686,9.245660860650531
common_voice_22_0_98,0.0,2.575375,utt,-55.458515019379846,-54.25491905212402,3.197717662823423,7.5846504564248605
common_voice_22_0_654,0.0,1.6088,utt,-57.94435413431677,-54.97369122505188,3.197717662823423,2.0095129034445467
common_voice_22_0_128,0.0,2.307375,utt,-59.336347571699136,-58.812947427072835,3.197717662823423,3.4812914818062364
common_voice_22_0_165,0.0,2.18025,utt,-59.92147183199541,-58.90885707310268,3.196126744537125,7.563584530290102
common_voice_22_0_733,0.0,1.2839,utt,-55.20265197753906,-53.73079299926758,3.1926987359784276,14.058606760372047
common_voice_22_0_835,0.0,1.4290625,utt,-50.80696159309441,-50.17792660849435,3.1926959375554245,4.05547428927151
common_voice_22_0_875,0.0,1.3282,utt,-59.304562676221806,-58.815277099609375,3.183193391307401,1.1296119818152537
common_voice_22_0_224,0.0,1.9155,utt,-50.362386067708336,-49.486719926198326,3.183193391307401,19.273223520964358
common_voice_22_0_813,0.0,1.5580625,utt,-54.87447415865385,-57.324142749492935,3.147937000151017,10.156383003313277
common_voice_22_0_994,0.0,1.5681875,utt,-51.9843252388535,-51.65118061412465,3.1359663064338927,14.26008520962343
common_voice_22_0_539,0.0,1.5355,utt,-57.70557908887987,-57.367171514601935,3.1311266518688545,16.02418075856574
common_voice_22_0_342,0.0,1.6753,utt,-51.67695545014881,-50.62694251019022,3.125784943718085,13.424593287146472
common_voice_22_0_910,0.0,1.0571,utt,-54.833735627948116,-52.404762268066406,3.115412268265827,12.719602763138326
common_voice_22_0_530,0.0,1.4633,utt,-49.486150872217465,-46.44546286265055,3.115412268265827,21.398434914021323
common_voice_22_0_836,0.0,1.2249,utt,-52.57364241803279,-50.26190596360426,3.115104710794466,12.709340348623185
common_voice_22_0_595,0.0,1.855375,utt,-63.448473202284944,-56.103231853908966,3.1087664241508834,10.678247454692759
common_voice_22_0_548,0.0,1.4108,utt,-56.362844913563826,-55.266739739312065,3.1065653926252916,12.787341063113994
common_voice_22_0_1068,0.0,0.9905,utt,-53.63906151357323,-52.95811123318143,3.106562959360531,10.016183725218061
common_voice_22_0_1214,0.0,0.264875,utt,-47.26605224609375,-45.3746337890625,3.1065627160340545,5.057235347012954
common_voice_22_0_670,0.0,1.1969,utt,-51.252071126302084,-49.866834004720054,3.1065624727075787,8.786659581016481
common_voice_22_0_782,0.0,1.242375,utt,-58.36901067918347,-59.77672052383423,3.1065624727075787,16.058639032054543
common_voice_22_0_1063,0.0,0.7107,utt,-52.721545582086264,-54.512225257025825,3.1065624727075787,2.1927217740268077
common_voice_22_0_72,0.0,2.7120625,utt,-51.69645482587639,-50.13171090020074,3.1065624727075787,8.006470230812072
common_voice_22_0_373,0.0,1.5462,utt,-55.41568170362903,-55.05576844648881,3.1065624727075787,3.992831893949388
common_voice_22_0_877,0.0,1.0113,utt,-53.11677173576733,-49.06473523920233,3.1065614994016744,5.509413353923529
common_voice_22_0_290,0.0,2.159,utt,-52.388106734664355,-51.53565481434698,3.0732824630877214,5.873529651394394
common_voice_22_0_320,0.0,2.163875,utt,-53.700009946469905,-53.31870419046153,3.0623352512621738,6.191816390350958
common_voice_22_0_832,0.0,1.3441875,utt,-54.149519735307834,-53.77680506025042,3.057702866762711,15.920458792654935
common_voice_22_0_1025,0.0,0.8870625,utt,-52.28985252808989,-51.04426803588867,3.0106266296396447,15.50181242121159
common_voice_22_0_957,0.0,0.93125,utt,-58.14783371135753,-57.22815227508545,3.009771641475859,18.248723009765353
common_voice_22_0_309,0.0,1.975,utt,-61.82789812184343,-59.39468054337935,2.9842551447460544,15.109356786730705
common_voice_22_0_913,0.0,1.2589,utt,-55.50166248139881,-54.2546750386556,2.9842551447460544,10.957642926460737
common_voice_22_0_517,0.0,1.5871875,utt,-61.365793288128934,-58.592105102539065,2.9842551447460544,6.160737350452459
common_voice_22_0_380,0.0,2.1944,utt,-50.3027388341895,-50.08939991826596,2.9810293035832793,4.2971044018699835
common_voice_22_0_538,0.0,1.4913,utt,-53.96761613884228,-53.31621631823088,2.9787977712803166,12.63990078219925
common_voice_22_0_35,0.0,3.4526,utt,-54.12879302536232,-54.29332302778195,2.9787962063666855,6.234820688242529
common_voice_22_0_907,0.0,1.5596,utt,-54.72080328525641,-56.23889636993408,2.973571728444515,12.618436406686248
common_voice_22_0_250,0.0,2.7490625,utt,-64.54921875,-58.548666347156875,2.968141397735423,3.5941064581289535
common_voice_22_0_859,0.0,1.0822,utt,-55.898193359375,-53.68043954031808,2.968139838319308,14.428209271607813
common_voice_22_0_659,0.0,2.00375,utt,-63.1654150390625,-58.46715949563419,2.968139838319308,4.7883641224147695
common_voice_22_0_924,0.0,0.9579,utt,-59.433756510416664,-58.94984436035156,2.9651978674725696,19.621774264482504
common_voice_22_0_1209,0.0,0.9525625,utt,-52.67868009868421,-52.47686640421549,2.965196804724632,14.823221426431548
common_voice_22_0_296,0.0,1.9420625,utt,-54.25098159632732,-53.314119793119886,2.9651957419766943,8.97313168051783
common_voice_22_0_270,0.0,2.66575,utt,-50.03360545411985,-50.5829207378885,2.9590177572272935,12.69213462472703
common_voice_22_0_92,0.0,2.4280625,utt,-55.83133600180041,-54.78706187586631,2.9590143306369963,4.174349710214452
common_voice_22_0_713,0.0,1.5422,utt,-51.1442680854302,-51.45817075456892,2.9586958496065567,2.4112642727568954
common_voice_22_0_950,0.0,0.9197,utt,-56.05411960767663,-55.058706283569336,2.954500246731615,22.519764314576268
common_voice_22_0_498,0.0,1.9048,utt,-58.3314453125,-57.300920486450195,2.941741081124537,1.6907115245188802
common_voice_22_0_132,0.0,2.9835625,utt,-63.619114408557046,-56.911138731857825,2.9396382978168796,11.470138797185427
common_voice_22_0_785,0.0,1.2685625,utt,-52.60201617864173,-52.46603978474935,2.9305313998746576,4.1125776590581005
common_voice_22_0_572,0.0,1.7512,utt,-49.43358816964286,-49.09963024363798,2.924839369356024,18.106390196944872
common_voice_22_0_610,0.0,1.433,utt,-58.6291520979021,-58.243427753448486,2.9183679607691992,7.205035622558807
common_voice_22_0_1185,0.0,0.4022,utt,-56.68648681640625,-56.942134857177734,2.918367898640497,9.677519352400672
common_voice_22_0_55,0.0,3.0506,utt,-54.77410348360656,-53.72973897722032,2.895195937710197,2.0275605514817823
common_voice_22_0_1211,0.0,0.3385625,utt,-52.166159237132355,-52.66287740071615,2.8951932517782017,8.569923447432542
common_voice_22_0_1034,0.0,0.8011875,utt,-55.29951782226563,-54.614631271362306,2.8951931349985496,5.697063773122666
common_voice_22_0_324,0.0,2.0364,utt,-54.642554189644606,-53.65730857849121,2.895192200761334,6.903883773716743
common_voice_22_0_888,0.0,1.1001,utt,-55.04846413352273,-54.08377397977389,2.8828302896381484,13.578578803293512
common_voice_22_0_409,0.0,1.725375,utt,-60.301898934248555,-58.4927598862421,2.854286043887122,3.742742631227216
common_voice_22_0_634,0.0,1.3290625,utt,-52.58665707236842,-53.76423525810242,2.8503555234933016,11.971374049437525
common_voice_22_0_427,0.0,2.6375,utt,-53.02352257930871,-54.82254389712685,2.847309962581324,11.022628066346627
common_voice_22_0_1135,0.0,0.7653,utt,-54.65338372564935,-52.658920764923096,2.847309962581324,11.65605677517858
common_voice_22_0_537,0.0,1.5444,utt,-50.44867973823052,-49.72751918591951,2.847309962581324,8.814263290496946
common_voice_22_0_632,0.0,1.7778,utt,-58.63149578651685,-56.63122134738498,2.847309962581324,4.990135646560256
common_voice_22_0_1024,0.0,1.1612,utt,-50.22167547817888,-48.268663024902345,2.8473089182777787,11.906575759897539
common_voice_22_0_172,0.0,2.0560625,utt,-53.02474116353155,-52.945687807523285,2.8473089182777787,10.119773027460347
common_voice_22_0_368,0.0,1.7465625,utt,-56.30167410714286,-55.48473031180246,2.8473078739742332,2.7800945678710125
common_voice_22_0_210,0.0,2.277,utt,-58.25071957236842,-58.09356460571289,2.8473078739742332,6.9221408183116
common_voice_22_0_457,0.0,1.5398,utt,-53.868347960633116,-52.532012367248534,2.8473078739742332,7.817195134508255
common_voice_22_0_198,0.0,2.0533,utt,-55.25738852896342,-54.99925099886381,2.8473078739742332,4.143135288779845
common_voice_22_0_513,0.0,1.3641,utt,-52.70726102941177,-51.82760178415399,2.8473078739742332,9.922575654593901
common_voice_22_0_695,0.0,1.474875,utt,-54.32753374787415,-53.95245933532715,2.8473078739742332,13.994576664430044
common_voice_22_0_141,0.0,2.532875,utt,-60.782091464920946,-57.36323055144279,2.8473078739742332,6.364175569224296
common_voice_22_0_816,0.0,1.295375,utt,-53.25071364182692,-49.7768319936899,2.8471369448784722,1.1575096224541337
common_voice_22_0_694,0.0,1.4661,utt,-60.78432583971088,-60.456967297722315,2.842661281376406,4.852935343344605
common_voice_22_0_451,0.0,1.8399,utt,-51.81348717730978,-53.00909403750771,2.8365717387763665,11.263786740894862
common_voice_22_0_21,0.0,3.4815,utt,-52.6871688667385,-52.61141611735026,2.8289629758279466,19.763388892093435
common_voice_22_0_53,0.0,3.4650625,utt,-52.31552255943804,-51.917022498878275,2.779978436276951,11.896835858054224
common_voice_22_0_1030,0.0,1.036,utt,-52.70321420522836,-51.511543655395506,2.7799755163592383,6.318594169765143
common_voice_22_0_305,0.0,2.6095,utt,-55.52308578783525,-55.57280764372452,2.779974543053334,11.285043459242612
common_voice_22_0_194,0.0,2.6053,utt,-64.72217732279694,-60.66312818174009,2.779974543053334,4.14434294179812
common_voice_22_0_323,0.0,1.7723,utt,-54.94773459569209,-54.85279022216797,2.778631214720629,17.864152529336696
common_voice_22_0_1153,0.0,0.661875,utt,-58.46381909919508,-53.5084540049235,2.7741200748190415,-1.9941006598622284
common_voice_22_0_195,0.0,2.2624,utt,-57.627346342643804,-55.56481354324906,2.773615331428731,7.634642017101557
common_voice_22_0_1172,0.0,0.679,utt,-50.20979219324448,-48.281396484375,2.767911513940444,15.693164234641173
common_voice_22_0_878,0.0,1.2795,utt,-54.70747375488281,-52.509304591587615,2.73887591133784,8.094601167955354
common_voice_22_0_460,0.0,1.7121,utt,-48.388848912646196,-48.365299224853516,2.7388754130379693,10.003256573706388
common_voice_22_0_232,0.0,2.3841,utt,-51.43773388261555,-48.96453461280236,2.7388754130379693,8.16971121831729
common_voice_22_0_557,0.0,1.6401875,utt,-57.04892339939025,-56.00177403500206,2.7222185745896463,13.228115624985286
common_voice_22_0_341,0.0,1.769,utt,-52.356627383474574,-51.05591793060303,2.719301833951517,11.635295227941944
common_voice_22_0_525,0.0,1.4531,utt,-59.3192349137931,-55.93381769516889,2.719144088447117,2.2300260470319113
common_voice_22_0_66,0.0,2.775375,utt,-53.17219115332734,-52.18672850637725,2.718732256614835,8.979248849097008
common_voice_22_0_376,0.0,1.5915,utt,-63.934705434355344,-62.34908797524192,2.718727527759716,5.512485474518648
common_voice_22_0_852,0.0,1.3115,utt,-54.26382842318702,-53.6494266803448,2.718727527759716,8.775356108093295
common_voice_22_0_103,0.0,2.5445625,utt,-57.00081123892716,-55.46619866111062,2.7172143044984605,6.001728795998581
common_voice_22_0_152,0.0,2.0965625,utt,-57.43404482886905,-57.00282775878906,2.7172127128095003,21.385464282151254
common_voice_22_0_197,0.0,1.9466875,utt,-52.46879006410256,-50.91680908203125,2.71721112112054,5.91178558190148
common_voice_22_0_528,0.0,1.6086875,utt,-57.81936019992236,-56.88902355375744,2.716247516648975,-0.9440232294775042
common_voice_22_0_689,0.0,1.3236875,utt,-55.24705181699811,-54.34529685974121,2.706513477879127,10.74303247485838
common_voice_22_0_692,0.0,1.1535,utt,-52.369314707880434,-50.43238093058268,2.691431327065828,9.908116934646017
common_voice_22_0_892,0.0,0.9991,utt,-56.5729541015625,-56.45599629328801,2.688219383629341,8.888920351092608
common_voice_22_0_331,0.0,2.551375,utt,-53.17733226102941,-52.870400342074305,2.67847457620468,3.8277356433316516
common_voice_22_0_87,0.0,2.6516875,utt,-55.36653891509434,-54.67822527885437,2.6715748035611653,0.9675722012786192
common_voice_22_0_549,0.0,1.7900625,utt,-49.87678945530726,-47.96777143932524,2.6715719123756023,7.876568503024995
common_voice_22_0_1193,0.0,0.595375,utt,-51.212589518229166,-50.90048789978027,2.6715713769708684,6.606099921355696
common_voice_22_0_484,0.0,1.3881,utt,-57.177611426483814,-56.71646647983127,2.6664744438219903,17.973925825162404
common_voice_22_0_464,0.0,1.5121875,utt,-54.7962412044702,-54.5250804901123,2.662450849998892,5.36421477254741
common_voice_22_0_1203,0.0,0.2371,utt,-53.79369608561198,-53.383567810058594,2.6569753016568387,13.057255197861993
common_voice_22_0_891,0.0,1.324375,utt,-61.92877012310606,-58.58470948537191,2.6569753016568387,3.2605344332899726
common_voice_22_0_1212,0.0,0.2025625,utt,-53.664501953125,-48.55459785461426,2.6569753016568387,4.859149197126893
common_voice_22_0_1139,0.0,1.2014,utt,-77.01837565104167,-57.16242218017578,2.6569752562622013,13.78021870185004
common_voice_22_0_712,0.0,1.200375,utt,-54.16095784505208,-52.68513819376628,2.6219706680149786,5.2423108337213336
common_voice_22_0_770,0.0,1.2750625,utt,-57.30860137939453,-56.74502741495768,2.618721114054551,12.72452470301363
common_voice_22_0_1080,0.0,0.8419,utt,-51.24470447358631,-50.39219970703125,2.6085981107148166,11.520606049595637
common_voice_22_0_189,0.0,2.0274,utt,-53.44687115147783,-52.5537906059852,2.608597047966879,8.695006252327767
common_voice_22_0_50,0.0,3.854375,utt,-49.51372767857143,-49.83405087445233,2.608597047966879,16.246675204990293
common_voice_22_0_116,0.0,2.7948,utt,-50.976341985887096,-50.060778217930945,2.608597047966879,5.827733225662209
common_voice_22_0_85,0.0,2.7801875,utt,-53.29119126573741,-51.998026230755976,2.608597047966879,7.362984209858485
common_voice_22_0_935,0.0,1.1444,utt,-57.678132709703945,-57.46959921029898,2.6075550778068246,10.123429686607466
common_voice_22_0_202,0.0,1.6146,utt,-60.076329580745345,-59.267731210459836,2.6036154064200043,2.887017859431449
common_voice_22_0_956,0.0,1.250375,utt,-53.29958984375,-52.71790591153231,2.5848177208381173,15.293528821071227
common_voice_22_0_1098,0.0,0.9197,utt,-58.38356084408967,-56.474891662597656,2.58481672677888,10.629981091339214
common_voice_22_0_722,0.0,1.4858,utt,-60.640500471895976,-59.40464782714844,2.581718245401551,10.601601551835738
common_voice_22_0_895,0.0,1.2654,utt,-49.546525129183074,-47.01479937235514,2.5817163769271194,10.206555763532897
common_voice_22_0_738,0.0,1.5283,utt,-54.698740042892155,-52.9421189252068,2.5817163769271194,7.112125153990814
common_voice_22_0_1133,0.0,0.669375,utt,-59.25403378614739,-57.754121507917134,2.581715442689904,3.9639955026680465
common_voice_22_0_676,0.0,1.9491875,utt,-52.73385416666667,-51.689650472005205,2.581715150740774,11.884771237900235
common_voice_22_0_518,0.0,1.607875,utt,-63.947884316770185,-62.42790302477385,2.5817145084526882,-0.6405753189012273
common_voice_22_0_364,0.0,1.8955625,utt,-61.5466951069079,-59.38367687572133,2.5817145084526882,7.204037980944415
common_voice_22_0_1043,0.0,0.8336,utt,-59.100356504141565,-57.41445960998535,2.5709590467193406,14.226332854198319
common_voice_22_0_211,0.0,2.2237,utt,-58.95272029842342,-55.91232182429387,2.566703636654973,6.596770571650326
common_voice_22_0_75,0.0,8.9467,utt,-47.040323847765364,-54.933825050912255,2.566703636654973,18.67338718718151
common_voice_22_0_273,0.0,2.34025,utt,-55.18639823717949,-54.68001572291056,2.5667017710396376,4.502706711030859
common_voice_22_0_126,0.0,2.3995625,utt,-62.52484130859375,-62.15616200764974,2.5667017710396376,18.90265658329688
common_voice_22_0_383,0.0,1.4418,utt,-50.918538411458336,-49.98243858700707,2.561367449948325,3.038072641232544
common_voice_22_0_547,0.0,1.6238,utt,-57.162326388888886,-56.74945534600152,2.561367449948325,8.495461516602235
common_voice_22_0_267,0.0,2.4894,utt,-55.13453815261044,-53.94289603600135,2.5613657732898454,6.390891171516374
common_voice_22_0_412,0.0,2.39975,utt,-51.604349772135414,-50.96444528753107,2.5613640966313658,13.766615971910774
common_voice_22_0_287,0.0,1.7150625,utt,-47.157280500545056,-46.21906124461781,2.5613640966313658,12.901923323260366
common_voice_22_0_1143,0.0,0.5899,utt,-53.94381455243644,-53.19990158081055,2.558553178690553,10.440656927203573
common_voice_22_0_941,0.0,1.0494,utt,-50.81650855654762,-49.482309861616656,2.547920621457276,25.68761924138815
common_voice_22_0_192,0.0,2.009875,utt,-52.87200715174129,-53.34272568314164,2.532177935039148,24.653240646341075
common_voice_22_0_319,0.0,2.9493,utt,-52.82872417902542,-54.36745945612589,2.5253791865774513,14.861443918421044
common_voice_22_0_208,0.0,2.5005,utt,-59.01915234375,-57.56985120420103,2.5253786964668437,6.308815356928097
common_voice_22_0_1157,0.0,0.7601875,utt,-46.953725714432565,-47.21161206563314,2.524278057494896,8.175787894483094
common_voice_22_0_344,0.0,2.115,utt,-65.45975364829009,-59.45686431158157,2.5101354462903975,5.158189184843561
common_voice_22_0_91,0.0,2.6079,utt,-54.68073141163793,-53.98662012273615,2.5101300503153947,10.392043776087112
common_voice_22_0_1116,0.0,0.8420625,utt,-54.68095470610119,-53.52515157063802,2.5052474939662366,12.512610342359936
common_voice_22_0_1021,0.0,0.8514,utt,-62.39622587316177,-58.03139391812411,2.501458881790569,18.798715487830584
common_voice_22_0_32,0.0,4.2700625,utt,-53.24182614900469,-54.13786697387695,2.4993394359522627,8.541568667841771
common_voice_22_0_63,0.0,2.9851875,utt,-52.305732650501675,-52.1705825805664,2.4976826705601978,-0.6448347456523003
common_voice_22_0_48,0.0,3.8729,utt,-54.35484798934109,-56.51165605202699,2.497679274512052,12.420062369160856
common_voice_22_0_867,0.0,1.0006875,utt,-54.9358154296875,-53.60857963562012,2.4976788500060336,17.35978497858162
common_voice_22_0_404,0.0,1.8170625,utt,-49.399628691620876,-48.551983061290926,2.496900173732134,8.203119671643666
common_voice_22_0_515,0.0,1.4931,utt,-51.421845506501676,-51.52300472259522,2.496900173732134,13.948385033987494
common_voice_22_0_855,0.0,1.0197,utt,-60.00706571691177,-59.897065843854634,2.496900173732134,4.718038570487138
common_voice_22_0_466,0.0,1.61525,utt,-55.47541714891975,-54.358179795114616,2.4968991294285887,7.976495147027926
common_voice_22_0_1199,0.0,0.492875,utt,-50.244384765625,-50.43131351470947,2.496898607276816,10.395095664509837
common_voice_22_0_1074,0.0,0.9647,utt,-51.40726216634115,-51.63179570978338,2.496898607276816,16.96738440649339
common_voice_22_0_955,0.0,1.76025,utt,-53.81856467507102,-51.41371536254883,2.496898607276816,4.825567346397494
common_voice_22_0_759,0.0,1.3235625,utt,-54.19195001775568,-52.751599720546174,2.4968980851250433,4.698838170214053
common_voice_22_0_382,0.0,1.811875,utt,-63.24040163156077,-61.32316641374068,2.4968980851250433,1.7788487760713014
common_voice_22_0_597,0.0,1.6672,utt,-50.10043974550898,-49.16680908203125,2.4968980851250433,10.530109357286538
common_voice_22_0_452,0.0,1.9131,utt,-50.823487606348166,-54.77176200018989,2.4968980851250433,12.468211612182827
common_voice_22_0_624,0.0,1.4563,utt,-56.531825235445204,-56.47835675407858,2.4968980851250433,13.7565793137206
common_voice_22_0_625,0.0,2.0639,utt,-51.70459932493932,-56.18275426228841,2.4968980851250433,14.607514149116527
common_voice_22_0_886,0.0,1.2499,utt,-45.530515625,-44.78632640838623,2.4933934024265656,13.72879060371453
common_voice_22_0_1144,0.0,0.6908,utt,-52.07766502490942,-52.33120584487915,2.4715355217870645,15.102706886549875
common_voice_22_0_302,0.0,1.8302,utt,-54.41021495047814,-52.76880615234375,2.4555119890237163,8.751639719947988
common_voice_22_0_640,0.0,2.1691875,utt,-63.7206536218318,-53.06139585706923,2.453389533316802,6.188152957088552
common_voice_22_0_675,0.0,1.716375,utt,-54.209052507267444,-56.02064347267151,2.4533885600108976,10.411763128872328
common_voice_22_0_143,0.0,2.3575,utt,-51.01846365201271,-49.56777763366699,2.4533885600108976,1.428677971212787
common_voice_22_0_1078,0.0,0.769375,utt,-48.3093356838474,-47.65158928765191,2.4533875867049932,6.722353858810433
common_voice_22_0_564,0.0,1.6302,utt,-56.65537528757669,-55.27840677897135,2.4533875867049932,5.134427680487258
common_voice_22_0_745,0.0,1.31125,utt,-53.84399600429389,-54.21897659301758,2.4533875867049932,13.804420920643315
common_voice_22_0_148,0.0,2.0150625,utt,-54.165938273514854,-53.06216904212688,2.4533875867049932,3.564361325290701
common_voice_22_0_799,0.0,1.7548,utt,-62.657114955357144,-56.626713307698566,2.4533875867049932,7.589946952847416
common_voice_22_0_648,0.0,1.5026875,utt,-58.38969401041667,-57.27254284129423,2.4533875867049932,21.23699465437544
common_voice_22_0_374,0.0,1.7758,utt,-55.89885994557584,-53.72011729649135,2.4533875867049932,10.146106062581019
common_voice_22_0_388,0.0,1.7271875,utt,-58.032830563583815,-55.58638515472412,2.450173464250867,2.6673623929767896
common_voice_22_0_672,0.0,1.5315625,utt,-52.480893203635624,-50.83854181626264,2.450171872561907,11.855076986136254
common_voice_22_0_803,0.0,1.1088,utt,-57.101250175957205,-55.318153889973956,2.450171872561907,21.787239661661754
common_voice_22_0_1117,0.0,0.884875,utt,-56.58675870028409,-54.9854007297092,2.450171872561907,7.070069472543224
common_voice_22_0_155,0.0,2.133875,utt,-51.38905699823944,-50.52266897004226,2.4501702808729466,10.733201387881007
common_voice_22_0_748,0.0,1.2536875,utt,-54.44783984375,-53.41270268758138,2.444887117438946,20.314710943002947
common_voice_22_0_529,0.0,1.709875,utt,-53.52080477887427,-53.79088773225483,2.444886727584917,3.037250726449537
common_voice_22_0_1048,0.0,1.1111,utt,-51.355767877252255,-51.10704664750533,2.444885558022831,4.350963550023849
common_voice_22_0_476,0.0,1.708875,utt,-51.24802974232456,-50.26454053606306,2.420128743436228,12.711035445220258
common_voice_22_0_1105,0.0,1.2510625,utt,-46.1884765625,-43.497026205062866,2.4113996759935272,15.726141302986608
common_voice_22_0_480,0.0,2.3086875,utt,-49.3293552150974,-50.06389217376709,2.4058203092918227,15.38657849157398
common_voice_22_0_503,0.0,1.481375,utt,-60.40512167440878,-58.25794919331869,2.4051586454371465,14.18404064656758
common_voice_22_0_699,0.0,1.26225,utt,-57.78384254092262,-57.01226186752319,2.4044723493871833,11.376678019218813
common_voice_22_0_706,0.0,1.5052,utt,-51.40340438741722,-48.7060068915872,2.4044723493871833,3.2001390071450597
common_voice_22_0_997,0.0,0.9983,utt,-55.6983056640625,-54.15545584938743,2.3978682713126096,20.032728173470357
common_voice_22_0_766,0.0,1.2746,utt,-47.51974655511811,-46.076184844970705,2.397682618490394,16.82790602332978
common_voice_22_0_391,0.0,1.7674,utt,-55.84033478990113,-53.30219152699346,2.3841318498950375,4.07706988149644
common_voice_22_0_521,0.0,1.769375,utt,-53.10982741878531,-51.747486686706544,2.384130136599889,10.737986087664911
common_voice_22_0_54,0.0,2.7555625,utt,-57.96975133038949,-57.610958971296036,2.3816442446599733,8.129071667555843
common_voice_22_0_379,0.0,2.0161875,utt,-61.83325920482673,-60.662803955078125,2.3771774437111226,-0.8104605252830286
common_voice_22_0_109,0.0,2.5264,utt,-50.67983417737154,-50.19121262521455,2.354041817804537,7.295595474095423
common_voice_22_0_139,0.0,2.3462,utt,-56.48001994680851,-55.18018550257529,2.348693742897926,14.67722123335899
common_voice_22_0_1107,0.0,0.8375625,utt,-57.76495070684524,-54.33474023001535,2.337253847021197,8.241784277024404
common_voice_22_0_679,0.0,1.23025,utt,-54.99801114710366,-53.87087273597717,2.3319591964379898,4.367432302883973
common_voice_22_0_844,0.0,1.0911875,utt,-58.04009729787844,-58.87084742954799,2.322045151681164,14.435158917843577
common_voice_22_0_261,0.0,1.9434,utt,-56.70925620167526,-55.83573577880859,2.3220427872536047,7.404337324558837
common_voice_22_0_582,0.0,1.5069,utt,-51.325757967715234,-50.52667075709293,2.3220427872536047,12.846906549928075
common_voice_22_0_110,0.0,2.6355625,utt,-66.41054095643939,-59.34893751144409,2.3220427872536047,4.716697628190424
common_voice_22_0_176,0.0,2.6845625,utt,-54.12029573810634,-54.686553955078125,2.3220427872536047,11.196290441734469
common_voice_22_0_588,0.0,1.6919,utt,-50.57117349297337,-49.667111340691065,2.3220427872536047,1.9181078862312244
common_voice_22_0_407,0.0,1.5669,utt,-64.29383334992038,-63.20501926967076,2.3220427872536047,2.6634076015292614
common_voice_22_0_97,0.0,3.9518,utt,-50.98954707278481,-49.830686505635576,2.3220380583984856,12.752912238207115
common_voice_22_0_609,0.0,1.6573,utt,-54.53081466490964,-54.124397065904404,2.3137549120930796,9.685393599513295
common_voice_22_0_581,0.0,1.414875,utt,-54.27814370013298,-54.54783736334907,2.31158611282752,11.086961465086002
common_voice_22_0_1145,0.0,0.6218,utt,-52.69355626260081,-51.003465924944194,2.299098743854741,12.28004808963339
common_voice_22_0_853,0.0,1.255,utt,-54.77352663070437,-52.95975385393415,2.293025978311732,4.789817135037712
common_voice_22_0_858,0.0,1.0339,utt,-60.161488357099515,-59.67389500935872,2.293025978311732,2.4207324520365
common_voice_22_0_789,0.0,1.4475625,utt,-59.50523976293103,-56.7021267414093,2.2930253590890817,1.7417753205927813
common_voice_22_0_159,0.0,2.40775,utt,-54.48631596862033,-52.01594276428223,2.293025049477756,8.017684668653308
common_voice_22_0_964,0.0,1.5781875,utt,-65.08979430379746,-56.599768002827965,2.293021024530527,9.61350177440444
common_voice_22_0_1005,0.0,1.0574,utt,-51.32478994693396,-49.014469840309836,2.280069007709425,4.3443137157559395
common_voice_22_0_328,0.0,2.003375,utt,-55.427490234375,-53.39784240722656,2.2800685885448053,8.606668483045148
common_voice_22_0_230,0.0,2.0540625,utt,-50.769636051829266,-49.924045231031336,2.2780607675647815,10.378660687050207
common_voice_22_0_34,0.0,3.71875,utt,-56.71125777049731,-54.393134355545044,2.2682405530929053,8.457831370831762
common_voice_22_0_104,0.0,2.699375,utt,-56.27222945601852,-56.03752702282321,2.2682405530929053,4.995225945490162
common_voice_22_0_931,0.0,1.2239,utt,-60.121461962090166,-59.23971968430739,2.2682372832626503,10.332376955755326
common_voice_22_0_1195,0.0,0.7177,utt,-52.13017781575521,-52.38440017700195,2.268237049703346,10.528947982811843
common_voice_22_0_418,0.0,1.625375,utt,-58.954389139187114,-58.05370380567468,2.268236816144042,-3.812208757926485
common_voice_22_0_510,0.0,1.61175,utt,-52.09419885481366,-52.045433044433594,2.268236816144042,20.659555345834438
common_voice_22_0_571,0.0,2.8125625,utt,-50.393134174822066,-53.01788442275103,2.268236816144042,13.87207159889578
common_voice_22_0_149,0.0,2.3801,utt,-56.06780954569328,-53.63655840117356,2.268236816144042,2.114032453565237
common_voice_22_0_732,0.0,1.9546,utt,-52.80949018429487,-53.61744999885559,2.253705620589412,11.101437329226254
common_voice_22_0_1019,0.0,0.8400625,utt,-58.236060732886905,-56.93606652153863,2.2537037549740764,4.725811652338642
common_voice_22_0_186,0.0,1.7318,utt,-52.20870777637283,-50.43722229003906,2.253701889358741,13.933866757276645
common_voice_22_0_229,0.0,1.9081875,utt,-55.85318839986911,-55.96518853994516,2.2520004794529394,23.319897912750342
common_voice_22_0_947,0.0,1.1370625,utt,-57.02395576343202,-56.209943771362305,2.251998885331033,16.631135474594657
common_voice_22_0_67,0.0,2.7310625,utt,-51.823925423534796,-50.123157283238,2.251998885331033,3.825221643186758
common_voice_22_0_696,0.0,1.56,utt,-56.90219350961539,-56.81796085133272,2.251998885331033,10.476872952091242
common_voice_22_0_446,0.0,1.7746,utt,-59.3243842690678,-59.76211433410644,2.251998353957064,-0.756715732224821
common_voice_22_0_1101,0.0,1.5535625,utt,-53.89506048387097,-53.267857021755646,2.251998353957064,12.632445070321772
common_voice_22_0_791,0.0,1.59775,utt,-68.18212280273437,-67.68515955607096,2.251998353957064,4.755234861528937
common_voice_22_0_325,0.0,2.0295625,utt,-55.89064424261084,-54.936905254017226,2.251998353957064,2.281910136217597
common_voice_22_0_911,0.0,0.9718,utt,-53.12240254510309,-51.99058214823405,2.251998353957064,12.387922024364439
common_voice_22_0_166,0.0,2.833375,utt,-52.26055929770318,-52.09475559658475,2.251998353957064,14.062959522750704
common_voice_22_0_247,0.0,2.9799,utt,-50.37864408557047,-51.89284942626953,2.2519941029653134,17.178300538745894
common_voice_22_0_633,0.0,1.2599,utt,-55.099880642361114,-56.450005292892456,2.2505713868257913,11.984363721250197
common_voice_22_0_526,0.0,1.6028,utt,-60.45264892578125,-57.800637774997284,2.244669941346958,0.8295097808287668
common_voice_22_0_278,0.0,1.998375,utt,-61.6859521484375,-59.728606414794925,2.244669941346958,14.173195755559613
common_voice_22_0_349,0.0,2.7891,utt,-62.1910142249104,-58.63074458729137,2.244664008901139,6.00060403959956
common_voice_22_0_1190,0.0,0.460875,utt,-54.22958772078805,-51.53479766845703,2.2306125348934294,2.8829583364965217
common_voice_22_0_512,0.0,1.2274,utt,-63.047410918445124,-60.33230705261231,2.229873197313885,24.312501280423515
common_voice_22_0_357,0.0,1.8651875,utt,-58.46221695354278,-57.39267314564098,2.226998839626851,6.13382943808281
common_voice_22_0_1121,0.0,0.7916,utt,-57.44699367088607,-55.875312260219026,2.225856739075669,3.4439122787237153
common_voice_22_0_1072,0.0,0.9115,utt,-57.33347463083791,-57.2828764481978,2.2225034635319,15.207242912719927
common_voice_22_0_715,0.0,1.3228,utt,-50.95531116832387,-49.7995354788644,2.218244666676299,9.591241964116927
common_voice_22_0_726,0.0,1.2592,utt,-52.566778273809526,-51.72923994064331,2.215464362639577,5.272750187074601
common_voice_22_0_967,0.0,1.2071875,utt,-55.80072071926653,-55.85291544596354,2.2154637711065304,8.313417471444653
common_voice_22_0_255,0.0,2.2216875,utt,-55.28211219031532,-53.409213104248046,2.2127983797690143,23.90532466307301
common_voice_22_0_579,0.0,1.2856875,utt,-60.99767214752907,-59.276508808135986,2.2127966817449414,4.316216523375465
common_voice_22_0_242,0.0,2.215,utt,-55.793628589527025,-54.05116697458121,2.2104267150656165,6.217800757033235
common_voice_22_0_475,0.0,2.5070625,utt,-50.76885816110558,-51.86671371459961,2.2055096105579453,15.372679828097795
common_voice_22_0_256,0.0,1.8079,utt,-54.456621201657455,-53.274681409200035,2.1980464449133588,4.294788721937023
common_voice_22_0_206,0.0,2.3645625,utt,-55.02348715572034,-53.88961723872593,2.196471349046565,5.768432158587258
common_voice_22_0_731,0.0,2.6612,utt,-54.76361680568609,-62.77412877764021,2.196471349046565,12.497076908482045
common_voice_22_0_1137,0.0,0.7584,utt,-59.114045795641445,-57.93279429844448,2.196471349046565,6.0294118466430255
common_voice_22_0_794,0.0,1.2320625,utt,-53.93267276422764,-52.81455001831055,2.194157292156985,15.650249508059234
common_voice_22_0_89,0.0,3.050875,utt,-52.35358606557377,-51.85326026467716,2.191148572299922,12.585391654553693
common_voice_22_0_133,0.0,1.8765625,utt,-61.453847032912236,-61.029483032226565,2.191148572299922,4.918426016834498
common_voice_22_0_920,0.0,1.1801875,utt,-54.845707262976696,-54.2601880160245,2.1881368940944594,1.504100921782225
common_voice_22_0_779,0.0,1.1423,utt,-58.89341762609649,-57.18589528401693,2.18325919758265,3.2121841320778515
common_voice_22_0_965,0.0,1.14925,utt,-51.285691236413044,-49.92869726816813,2.18325919758265,8.549750760071213
common_voice_22_0_367,0.0,1.972375,utt,-62.717738737309645,-61.72927422956987,2.183130435430953,4.757760629668924
common_voice_22_0_37,0.0,3.3310625,utt,-59.94033877627628,-59.20025215148926,2.1831294406253527,1.7294771340947452
common_voice_22_0_1112,0.0,1.6604,utt,-52.76937829442771,-60.20046520233154,2.1831294406253527,11.352993339361891
common_voice_22_0_781,0.0,1.339,utt,-50.87398699860075,-50.36316353934152,2.1831294406253527,11.336378693196272
common_voice_22_0_353,0.0,2.3955,utt,-59.87476399739583,-55.45117664337158,2.1831294406253527,7.745598808865363
common_voice_22_0_403,0.0,2.07975,utt,-52.73655348557692,-53.12602924165272,2.1831294406253527,16.755677983764347
common_voice_22_0_1046,0.0,1.1549,utt,-57.57109375,-56.49086570739746,2.1831294406253527,9.686902614998534
common_voice_22_0_117,0.0,3.0993,utt,-51.31217867943548,-49.02600652521307,2.1764106117188637,9.821778190313376
common_voice_22_0_703,0.0,1.269875,utt,-55.09360005536417,-54.21730422973633,2.1695540586305135,6.8355111498466705
common_voice_22_0_902,0.0,1.586,utt,-64.00494423152516,-57.020167717566856,2.1625604349580483,5.090009021461151
common_voice_22_0_644,0.0,1.4063,utt,-60.274282468971634,-59.38985804507607,2.162558290612655,2.8417556411900673
common_voice_22_0_1123,0.0,1.659,utt,-48.6780902908509,-48.66474206107004,2.149873790955836,12.986540253859358
common_voice_22_0_916,0.0,0.936375,utt,-54.06867104388298,-52.04013096202504,2.1464893405793983,11.888924836178479
common_voice_22_0_1160,0.0,0.7201875,utt,-54.899576822916664,-54.47276369730631,2.146488296275853,6.980195100046659
common_voice_22_0_354,0.0,2.569875,utt,-51.875832168044745,-53.00975581577846,2.146488296275853,14.974576867750416
common_voice_22_0_1037,0.0,0.886,utt,-53.372196497542134,-52.52637897838246,2.146488296275853,10.513947398964012
common_voice_22_0_486,0.0,1.6848,utt,-51.28826613653274,-49.534392507452715,2.146488296275853,4.958551032003745
common_voice_22_0_38,0.0,2.9349,utt,-61.002966350255974,-60.09703538224504,2.146488296275853,2.0582593387715704
common_voice_22_0_177,0.0,2.1239,utt,-52.09070975825472,-51.49556206012594,2.146488296275853,10.611459154485011
common_voice_22_0_1206,0.0,0.76475,utt,-50.02516897101151,-50.11821460723877,2.146488296275853,13.574337806286408
common_voice_22_0_321,0.0,1.9875625,utt,-59.948639682788944,-56.068130016326904,2.146488296275853,5.495904868584859
common_voice_22_0_959,0.0,1.5151,utt,-50.79832056949013,-50.350194757634945,2.146488296275853,9.598227669229173
common_voice_22_0_263,0.0,2.3887,utt,-53.19914520135983,-57.642315084284,2.146488296275853,9.603381783369958
common_voice_22_0_1174,0.0,0.582875,utt,-53.45461509967672,-53.73781649271647,2.146488296275853,11.375494937527405
common_voice_22_0_761,0.0,1.1946,utt,-54.244944852941174,-54.16678510393415,2.146488296275853,12.143591085162718
common_voice_22_0_683,0.0,1.5555,utt,-56.125181540464745,-55.366477489471436,2.146488296275853,7.269820147949085
common_voice_22_0_458,0.0,1.6607,utt,-50.948136295180724,-48.76679756527855,2.146488296275853,5.711264281048111
common_voice_22_0_124,0.0,2.5286,utt,-58.73882550024704,-56.328974860055105,2.146488296275853,9.93887408671386
common_voice_22_0_923,0.0,1.2403,utt,-51.66565728956653,-50.40420590914213,2.146488296275853,12.541173546824064
common_voice_22_0_725,0.0,1.3385625,utt,-53.10976125233209,-51.96596169471741,2.146488296275853,12.850844703136666
common_voice_22_0_509,0.0,1.6475625,utt,-57.15257457386364,-58.997673458523224,2.146488296275853,14.339628362175983
common_voice_22_0_360,0.0,1.856875,utt,-53.38123739919355,-52.32861560323964,2.146488296275853,24.31351008626321
common_voice_22_0_575,0.0,1.5941,utt,-51.63353724449686,-50.744693756103516,2.1426357269678635,5.434250251955831
common_voice_22_0_559,0.0,1.5898,utt,-49.5934367629717,-48.417105423776725,2.1394789308788984,14.342582114436599
common_voice_22_0_561,0.0,1.545375,utt,-58.328219506048384,-55.53614867360968,2.12877565129504,7.81270267196447
common_voice_22_0_977,0.0,1.0156,utt,-54.46653837316177,-55.005237285907455,2.1287740608164545,18.43112610843238
common_voice_22_0_162,0.0,1.9598,utt,-53.53011399872449,-52.57773276737758,2.1282740667897864,14.490029863369598
common_voice_22_0_47,0.0,2.9676875,utt,-52.12656841856061,-50.97942228317261,2.1282740667897864,25.098017810427496
common_voice_22_0_932,0.0,1.4127,utt,-75.04491494902483,-58.07773624766957,2.1282740667897864,8.376434349325944
common_voice_22_0_1106,0.0,1.5665625,utt,-51.055070038813696,-58.38500738143921,2.1282740667897864,19.28882600290452
common_voice_22_0_514,0.0,1.578,utt,-53.81079410601266,-51.47454593056127,2.1282740667897864,8.048769862308411
common_voice_22_0_26,0.0,3.0833,utt,-52.51797445718344,-51.74831622984351,2.1282740667897864,7.17474526849896
common_voice_22_0_508,0.0,1.5408,utt,-51.572094409496756,-50.711757278442384,2.1282740667897864,2.2641271258557154
common_voice_22_0_285,0.0,2.0506875,utt,-58.94394054878049,-57.03437344233195,2.1282740667897864,5.939275087117975
common_voice_22_0_94,0.0,2.7576,utt,-53.6584861865942,-52.67389003208705,2.1282740667897864,7.832288357646295
common_voice_22_0_228,0.0,2.3055,utt,-68.39953666125541,-63.82907909817166,2.1282733671840357,7.846222490811996
common_voice_22_0_690,0.0,1.5172,utt,-59.6292146381579,-54.060795068740845,2.128272201174451,30.53731376487449
common_voice_22_0_440,0.0,1.4823,utt,-55.7520191089527,-54.720031556628996,2.128272201174451,1.233878631083801
common_voice_22_0_465,0.0,2.5595,utt,-63.6710090637207,-54.680477905273435,2.1282703355591153,8.131838439693139
common_voice_22_0_234,0.0,2.5971875,utt,-53.49151141826923,-53.86275499517267,2.1268025769684615,14.156884149871319
common_voice_22_0_308,0.0,2.0796,utt,-56.00340857872596,-55.108229064941405,2.1268025769684615,6.960216571050111
common_voice_22_0_222,0.0,1.7885,utt,-56.862921176675975,-55.78431419704271,2.126800630356653,6.592502785472824
common_voice_22_0_573,0.0,1.5621875,utt,-55.42349634415064,-54.28538191945929,2.126800630356653,1.9363311589863184
common_voice_22_0_833,0.0,1.2091,utt,-50.79913884943182,-51.57070570725661,2.126800630356653,7.209398565279663
common_voice_22_0_236,0.0,1.8221875,utt,-51.9628423334478,-51.82138608849567,2.126800630356653,8.877582173156853
common_voice_22_0_1155,0.0,0.880375,utt,-70.2448397549716,-59.72654669625418,2.126800630356653,11.324757577448773
common_voice_22_0_299,0.0,1.8540625,utt,-50.70496727195946,-49.33843032173488,2.126800630356653,8.7327357725293
common_voice_22_0_303,0.0,1.8201,utt,-52.81304730425824,-51.51558303833008,2.126800630356653,5.783548829149533
common_voice_22_0_541,0.0,1.4050625,utt,-52.878151318705676,-51.42210706075033,2.126800630356653,3.861698074697385
common_voice_22_0_700,0.0,1.3195625,utt,-58.36426521070076,-56.58782908121745,2.126800630356653,1.2565905451246167
common_voice_22_0_1090,0.0,0.992875,utt,-48.91183317550505,-48.41327133178711,2.126800630356653,15.082288155762624
common_voice_22_0_556,0.0,1.3704,utt,-56.11186630360402,-55.96805424160428,2.126800630356653,7.097458927579751
common_voice_22_0_1071,0.0,0.9461,utt,-56.103433388157896,-54.96928329467774,2.126800630356653,7.081611898327171
common_voice_22_0_697,0.0,1.3787,utt,-57.88157410552536,-57.28824121811811,2.1234212349543045,6.896311311916552
common_voice_22_0_56,0.0,2.6076875,utt,-55.985490002394634,-54.47057211739676,2.1213750923436008,20.21381398261095
common_voice_22_0_1109,0.0,0.7776,utt,-55.094676482371796,-51.2380621773856,2.119040084638839,12.200837530007293
common_voice_22_0_120,0.0,2.8567,utt,-52.39421711101399,-51.77810122172038,2.118499954806242,4.5675761656147635
common_voice_22_0_470,0.0,1.5575625,utt,-60.02653620793269,-58.48198318481445,2.11803891228281,6.63886750559648
common_voice_22_0_716,0.0,1.3379,utt,-51.94668260261194,-49.91195831298828,2.1163439814235456,9.83171338363555
common_voice_22_0_527,0.0,1.52825,utt,-53.25891990910948,-51.012902365790474,2.0966854696386124,3.2744363955713496
common_voice_22_0_760,0.0,1.8722,utt,-61.59885736965241,-53.316162109375,2.0966854696386124,11.94405648285817
common_voice_22_0_642,0.0,1.3488,utt,-56.679470486111114,-54.49019039378447,2.0966854696386124,6.254231460475873
common_voice_22_0_414,0.0,1.7359,utt,-53.6668911637931,-52.43113734505393,2.0966854696386124,17.949008824838796
common_voice_22_0_653,0.0,1.650875,utt,-59.44667376893939,-56.7008376121521,2.0700702823361388,7.735451248742585
common_voice_22_0_119,0.0,2.8706875,utt,-56.14887984538328,-59.202106938217625,2.0700695348863327,13.492599763090414
common_voice_22_0_411,0.0,1.7416,utt,-52.00158270474138,-50.61912640658292,2.0700695348863327,8.807156622264522
common_voice_22_0_456,0.0,1.68625,utt,-54.30954142011834,-54.63157138824463,2.0700692857363974,8.1586670497256
common_voice_22_0_216,0.0,1.9558,utt,-49.59068578603316,-48.46556498209635,2.0700692857363974,6.585933340018027
common_voice_22_0_862,0.0,1.14575,utt,-62.01598590353261,-60.73918179103306,2.0700692857363974,12.065485528625242
common_voice_22_0_843,0.0,1.3021875,utt,-57.34118840144231,-54.848757817195015,2.0700692857363974,4.9667366328209965
common_voice_22_0_991,0.0,1.0146875,utt,-54.64606861076733,-54.117493716153234,2.0700692857363974,20.07768161124916
common_voice_22_0_953,0.0,1.118,utt,-47.25055367606027,-45.01734987894694,2.0700692857363974,3.892035676924765
common_voice_22_0_616,0.0,1.181875,utt,-57.88088834083686,-57.67017960548401,2.0584333471286094,4.788617160984909
common_voice_22_0_771,0.0,1.1674,utt,-55.258238181089745,-53.00164140973772,2.0418894232665865,18.171603160947
common_voice_22_0_841,0.0,1.4630625,utt,-54.63068881100171,-50.93535702045147,2.0296657153985995,9.070631193191184
common_voice_22_0_988,0.0,0.9677,utt,-67.30684197809278,-60.74234841086648,2.02966546544513,3.265352882281067
common_voice_22_0_318,0.0,2.113375,utt,-58.22018476007109,-60.530232429504395,2.027190225152467,3.965194444729942
common_voice_22_0_350,0.0,1.799,utt,-51.96914605034722,-51.24378481778231,2.017253113934256,15.859508796028434
common_voice_22_0_1012,0.0,0.9637,utt,-54.110921223958336,-52.65400487726385,2.0148942842773945,8.5565834620337
common_voice_22_0_334,0.0,1.3218,utt,-52.99288662997159,-50.10060813210227,2.0111833147154985,2.8680915350027956
common_voice_22_0_304,0.0,2.44625,utt,-52.812826849489795,-52.546322366465695,2.0037441166095964,14.750065580148982
common_voice_22_0_764,0.0,1.1142,utt,-56.484704919763516,-55.149686079758865,1.9987730804582449,17.27674908803047
common_voice_22_0_448,0.0,1.9346,utt,-60.44288374352332,-57.69783713600852,1.998772242129005,5.012321273570783
common_voice_22_0_1054,0.0,0.841875,utt,-54.697428385416664,-54.00622901916504,1.998772242129005,15.993783238633931
common_voice_22_0_1198,0.0,0.5001,utt,-53.001728515625,-50.67317008972168,1.998772242129005,7.602370482598676
common_voice_22_0_787,0.0,1.1939,utt,-56.277003184086134,-54.51190703255789,1.998772032546695,11.322279152205725
common_voice_22_0_115,0.0,2.6513,utt,-57.85545769457547,-56.486285932136305,1.998772032546695,7.1088567785172625
common_voice_22_0_817,0.0,1.9544,utt,-47.81945112179487,-50.29049829336313,1.9987714037997653,14.101529061124005
common_voice_22_0_1016,0.0,0.9926,utt,-47.13234394728536,-46.366784731547035,1.9987714037997653,10.657641127295992
common_voice_22_0_46,0.0,2.5389,utt,-54.29056194635827,-53.10961697552655,1.9987714037997653,6.413701871624951
common_voice_22_0_620,0.0,1.75025,utt,-54.23992745535714,-52.34269557279699,1.9961171134920541,6.627007738593798
common_voice_22_0_674,0.0,1.5159,utt,-55.0591398540296,-53.43811842974495,1.9958424001444932,6.328204988543675
common_voice_22_0_184,0.0,2.8951875,utt,-51.20885304418103,-50.94931756296465,1.9729822395967729,7.530753766127091
common_voice_22_0_102,0.0,2.4232,utt,-56.33493672520661,-54.90583693981171,1.972812313940648,23.67614639861781
common_voice_22_0_1100,0.0,0.8170625,utt,-61.87136170922256,-58.31328201293945,1.9718284936858523,-0.07097091808314993
common_voice_22_0_113,0.0,2.809375,utt,-55.03867326512456,-54.62905740737915,1.9547609923098277,6.486752736601453
common_voice_22_0_747,0.0,1.3836,utt,-48.217005632925726,-46.41032688434307,1.9547609923098277,21.90867411335444
common_voice_22_0_1131,0.0,0.7081,utt,-57.22801015074824,-56.29652568272182,1.954760058072612,17.29568816312741
common_voice_22_0_171,0.0,2.2546875,utt,-57.277469618055555,-57.00013583047049,1.9547591238353963,29.33935030533093
common_voice_22_0_989,0.0,1.12,utt,-49.828822544642854,-48.73613122793344,1.9547581895981807,7.633945932136772
common_voice_22_0_567,0.0,1.601375,utt,-58.125885009765625,-57.95472183227539,1.954757255360965,17.43035619266019
common_voice_22_0_188,0.0,3.7238,utt,-54.8623046875,-58.096284593854634,1.9547553868865335,13.61180375282196
common_voice_22_0_29,0.0,3.1070625,utt,-56.16713977090032,-54.857364963840794,1.9547553868865335,5.154427151635399
common_voice_22_0_295,0.0,1.890875,utt,-55.08919787533069,-54.04373848956564,1.9450845514834083,19.932714374787942
common_voice_22_0_83,0.0,2.6131,utt,-62.91133111829502,-60.91737588246664,1.9427714644720016,2.67906518725397
common_voice_22_0_540,0.0,1.7324,utt,-59.408039423771676,-58.0178800884046,1.9407076045238507,4.742335637248871
common_voice_22_0_200,0.0,2.4841,utt,-59.48188240297379,-59.27237422649677,1.9407057389085152,4.478734290235204
common_voice_22_0_936,0.0,1.6195625,utt,-56.96297501929013,-52.15240918673002,1.9407050393027643,12.388244275597843
common_voice_22_0_1136,0.0,0.835,utt,-51.39606003534226,-49.67638063430786,1.9407048061008474,7.480075114263219
common_voice_22_0_99,0.0,2.3614,utt,-60.437454482256356,-60.14795370662914,1.9407038732931796,8.447297625680475
common_voice_22_0_398,0.0,2.0545625,utt,-59.712785823170734,-56.604784358631484,1.9393807993383982,4.344441217254939
common_voice_22_0_371,0.0,1.684,utt,-58.3966064453125,-57.98052215576172,1.9286002738106192,4.694561131366042
common_voice_22_0_1075,0.0,1.0146875,utt,-51.90318978186881,-50.10762481689453,1.9286002738106192,8.016599750070068
common_voice_22_0_1066,0.0,0.8359,utt,-50.84133765811012,-48.867130279541016,1.9286002738106192,5.841305434138254
common_voice_22_0_583,0.0,2.2388,utt,-51.02137974330357,-54.91484345330132,1.9285998825822113,13.408165229030844
common_voice_22_0_904,0.0,0.934875,utt,-52.69264532930107,-51.58706283569336,1.9285998825822113,8.152620487190523
common_voice_22_0_68,0.0,2.7846,utt,-52.25650222009892,-51.19444924431878,1.9279167421404448,4.83873307736358
common_voice_22_0_767,0.0,1.5021875,utt,-54.400989583333335,-52.918089249554804,1.927568459588622,7.591831251030296
common_voice_22_0_655,0.0,1.4515,utt,-54.02230603448276,-52.38638103709501,1.9258435052093072,20.64611730230447
common_voice_22_0_1130,0.0,1.1025,utt,-54.120055042613636,-53.91731262207031,1.9253592289612733,-0.14802147542688715
common_voice_22_0_485,0.0,1.4139,utt,-55.648624501329785,-55.677905797958374,1.9253580467474938,11.257804953324845
common_voice_22_0_243,0.0,2.3952,utt,-54.03748372395833,-51.143884340922035,1.9253580467474938,10.316895055763316
common_voice_22_0_20,0.0,3.5785,utt,-62.17165677374302,-59.157849868138634,1.9253577511940487,4.511345807046821
common_voice_22_0_740,0.0,1.392375,utt,-54.74044865669964,-54.50251119277056,1.9253577511940487,2.49064394690709
common_voice_22_0_454,0.0,1.4985625,utt,-53.596240234375,-52.6288030797785,1.921635955974699,6.954114669435915
common_voice_22_0_81,0.0,2.418375,utt,-52.99828092716942,-52.70360070305902,1.921634396558584,20.79786563738145
common_voice_22_0_930,0.0,1.1831875,utt,-49.172181210275426,-46.6927817662557,1.9216336168505266,7.551367119291591
common_voice_22_0_199,0.0,2.0934,utt,-58.80200078498804,-56.195376123700825,1.9216336168505266,6.638798909657298
common_voice_22_0_688,0.0,1.825,utt,-56.53825136612022,-53.61687660217285,1.9216328371424691,6.772783471303335
common_voice_22_0_144,0.0,2.6754,utt,-59.96014313199627,-55.097704569498696,1.9216328371424691,10.832268602085641
common_voice_22_0_894,0.0,1.0473,utt,-50.72157273065476,-50.37285173856295,1.9200893844656284,9.151166529757651
common_voice_22_0_240,0.0,2.4636,utt,-60.56945106072155,-56.71888718238244,1.9177184835499999,8.089559506891696
common_voice_22_0_43,0.0,4.3611,utt,-49.29466205561926,-52.71357572400892,1.9177152528574788,20.528658690188983
common_voice_22_0_1114,0.0,0.6544,utt,-52.38754507211539,-51.44181680679321,1.9177145073130508,9.42839199322407
common_voice_22_0_795,0.0,1.2680625,utt,-53.255513348917326,-51.62214756011963,1.9177145073130508,10.748980100206829
common_voice_22_0_765,0.0,1.4206875,utt,-55.231349031690144,-53.4016575532801,1.9177145073130508,7.58148311706778
common_voice_22_0_656,0.0,1.468375,utt,-56.87661431760204,-55.71575815537397,1.9160901920667195,18.66452035863019
common_voice_22_0_774,0.0,2.381875,utt,-50.806497012867645,-51.58173670087542,1.9160886003777593,14.970646693865378
common_voice_22_0_226,0.0,1.854375,utt,-56.52544869087838,-53.729039705716644,1.9160886003777593,5.43896130142306
common_voice_22_0_646,0.0,1.432375,utt,-54.50883003715035,-52.85315132141113,1.9160886003777593,7.389087593685375
common_voice_22_0_830,0.0,1.2594,utt,-58.65355282738095,-56.726661427815756,1.9160886003777593,3.971912379299029
common_voice_22_0_90,0.0,2.906875,utt,-52.81947017289519,-51.01485096324574,1.9160854169998387,7.437880219845473
common_voice_22_0_1095,0.0,0.681875,utt,-54.13446403952206,-53.28447553846571,1.9049674275032702,13.716759661241104
common_voice_22_0_985,0.0,1.3524,utt,-62.03444010416667,-63.549844106038414,1.904463881686607,2.70875918642769
common_voice_22_0_125,0.0,2.3056,utt,-55.89178757440476,-52.83385467529297,1.9028799583466733,1.6526069413984459
common_voice_22_0_1001,0.0,1.2583,utt,-52.63296363467262,-51.32574393532493,1.8953997263689952,6.660164902265453
common_voice_22_0_937,0.0,1.0468,utt,-53.11181175595238,-50.92357518122746,1.8953996599472491,5.708911929006101
common_voice_22_0_420,0.0,1.6918,utt,-56.42152251294379,-56.27776590983073,1.8953996599472491,7.52679274786205
common_voice_22_0_105,0.0,2.4047,utt,-52.207722981770836,-50.99776132645145,1.8953996599472491,22.023910744440904
common_voice_22_0_698,0.0,1.9531875,utt,-51.59887820512821,-55.89914393424988,1.8953996599472491,16.7034287399515
common_voice_22_0_151,0.0,2.129,utt,-51.115908340669016,-49.77035290854318,1.8953996599472491,6.297758158193851
common_voice_22_0_1104,0.0,0.814,utt,-49.466037326388886,-44.54131317138672,1.8953996599472491,7.349405874212822
common_voice_22_0_1140,0.0,0.96225,utt,-49.68244934082031,-47.236227308000835,1.8953996599472491,9.00136032269863
common_voice_22_0_773,0.0,1.384375,utt,-52.80284406136775,-51.5363347530365,1.8953996599472491,8.183166649979572
common_voice_22_0_796,0.0,1.8237,utt,-55.65538075206044,-53.9399471282959,1.8953996599472491,10.898936622192696
common_voice_22_0_400,0.0,1.5346,utt,-51.98494625714869,-51.24968355352228,1.8953996599472491,19.283323685415816
common_voice_22_0_1092,0.0,0.8171875,utt,-50.898604230182926,-49.58787536621094,1.8953993942602647,6.7610745773311685
common_voice_22_0_424,0.0,1.6510625,utt,-56.831788589015154,-55.58845233917236,1.8953993942602647,4.571347346404044
common_voice_22_0_599,0.0,2.308,utt,-50.47569162608225,-51.98985375298394,1.8953954089554983,13.16572291227701
common_voice_22_0_861,0.0,1.2721,utt,-55.370659295029526,-54.58298110961914,1.8952521174028942,2.573902171018368
common_voice_22_0_441,0.0,1.708875,utt,-56.47530610380117,-55.889377775646395,1.8952492860187058,-1.2650210893749732
common_voice_22_0_600,0.0,1.4389,utt,-54.42988416883681,-52.32884767320421,1.8867155723043674,12.895160188754282
common_voice_22_0_980,0.0,1.2486875,utt,-67.3954921875,-59.54721895853678,1.8823650520618687,7.238388669759084
common_voice_22_0_808,0.0,1.2234,utt,-53.85504450563525,-51.54318291800363,1.8823650520618687,6.039126783608797
common_voice_22_0_1028,0.0,1.0961,utt,-69.56212713068182,-64.6101126237349,1.8774730881212496,0.363736229993588
common_voice_22_0_592,0.0,1.395375,utt,-53.6018798828125,-52.11560260548311,1.8706788722645047,12.60345369866786
common_voice_22_0_926,0.0,1.17,utt,-59.29895332532051,-55.766842582009055,1.8706788722645047,4.899866486163425
common_voice_22_0_322,0.0,3.5891875,utt,-51.26811673050139,-55.38518796648298,1.8706772793909783,9.553181372050695
common_voice_22_0_22,0.0,3.4443,utt,-61.23103651889535,-59.47290030392733,1.8675640016262862,-0.22889140253787588
common_voice_22_0_938,0.0,1.3111875,utt,-51.22309980319657,-47.4216194152832,1.8675640016262862,5.581771951849499
common_voice_22_0_1026,0.0,0.880375,utt,-52.40811989524148,-50.59903250800239,1.8675640016262862,9.612401620105397
common_voice_22_0_818,0.0,1.0316,utt,-52.304085444478154,-49.134278517503006,1.8675640016262862,5.984265151369355
common_voice_22_0_693,0.0,1.7195,utt,-67.83222429142442,-55.625675678253174,1.8675630214050711,11.923036953057416
common_voice_22_0_1205,0.0,0.4069,utt,-52.702434260670735,-47.904794692993164,1.862507877374299,6.4625062153200155
common_voice_22_0_121,0.0,2.4208,utt,-59.87980210485537,-57.729496114394244,1.862507877374299,1.9861742148261978
common_voice_22_0_719,0.0,1.2411,utt,-55.36807743195565,-52.652945041656494,1.8619243163615222,4.068612349144786
common_voice_22_0_1073,0.0,0.8255,utt,-63.80011059864458,-61.68227672576904,1.8619241913847875,10.421195634687514
common_voice_22_0_1041,0.0,1.2531875,utt,-53.5035078125,-53.154354095458984,1.8532538395595293,5.978059395773398
common_voice_22_0_730,0.0,1.0756,utt,-47.56241409866898,-47.90219061715262,1.8380002323664475,12.114497851288254
common_voice_22_0_939,0.0,1.0967,utt,-47.80893110795454,-44.91237933819111,1.8344235855114173,9.774480157274429
common_voice_22_0_235,0.0,2.3756875,utt,-57.86374901523109,-58.69423007965088,1.8344235855114173,6.964194630510585
common_voice_22_0_158,0.0,2.211,utt,-57.29627403846154,-55.06489372253418,1.8344235855114173,2.275889701883129
common_voice_22_0_174,0.0,2.0242,utt,-61.759161316522274,-60.195883687337236,1.8344235855114173,11.123361610289784
common_voice_22_0_259,0.0,1.6553,utt,-52.875105892319276,-50.85344297989555,1.8344231127212336,8.819201409460778
common_voice_22_0_1044,0.0,0.7280625,utt,-56.23037510702055,-56.410475413004555,1.834422699029823,18.03891097431209
common_voice_22_0_123,0.0,2.1809,utt,-50.83311084432339,-50.62100321451823,1.834422699029823,18.06634399416326
common_voice_22_0_272,0.0,1.7398,utt,-58.1270541487069,-56.631733674269455,1.83442263993105,6.740968817137185
common_voice_22_0_756,0.0,1.23825,utt,-51.367333196824596,-51.195824567009424,1.8344216943506828,6.938452055988169
common_voice_22_0_666,0.0,1.5885625,utt,-52.561855100235846,-51.4324514725629,1.8344198031899481,5.601251990725608
common_voice_22_0_469,0.0,1.4961,utt,-51.13154622395833,-50.60418520475689,1.8335721394763111,3.755109869495687
common_voice_22_0_535,0.0,1.6015625,utt,-60.56912841796875,-59.082259127968236,1.8224863464664713,6.159889208707876
common_voice_22_0_339,0.0,1.850375,utt,-59.94968855574324,-57.61300731840588,1.8224863464664713,6.757303875742373
common_voice_22_0_872,0.0,1.0994,utt,-60.168803267045455,-56.88139775594075,1.8224863464664713,4.810132768429801
common_voice_22_0_647,0.0,1.7705,utt,-62.26349532132768,-56.54072040981717,1.8224863464664713,12.2419106578149
common_voice_22_0_626,0.0,1.2785625,utt,-57.62262725830078,-56.51424924065085,1.8224863464664713,4.656778559705668
common_voice_22_0_150,0.0,2.3319,utt,-55.787620708154506,-55.04629300435384,1.8224860977650712,6.752149195296639
common_voice_22_0_768,0.0,1.5960625,utt,-62.295281982421876,-60.3764284769694,1.8224860977650712,5.655149140470609
common_voice_22_0_1165,0.0,0.6731875,utt,-60.821205253031714,-52.22168286641439,1.8224860977650712,3.9179221721744035
common_voice_22_0_238,0.0,1.9626,utt,-56.81307298309949,-56.053764495849606,1.822484754777511,4.984031665284554
common_voice_22_0_423,0.0,1.755375,utt,-58.07644375887784,-56.896936167841375,1.822484754777511,3.7209278304708047
common_voice_22_0_276,0.0,2.2411,utt,-55.082994733537944,-54.006478468577065,1.8215490774106762,11.022966883917151
common_voice_22_0_596,0.0,1.7416,utt,-59.43460398706897,-56.62987666659885,1.8190728481402885,3.4869268160198637
common_voice_22_0_473,0.0,1.512375,utt,-54.30065190397351,-52.84815731048584,1.8190720135326555,0.778768836504188
common_voice_22_0_86,0.0,2.536875,utt,-56.678041953740156,-56.17235306770571,1.8152760507242252,3.8861112828421653
common_voice_22_0_348,0.0,1.8633,utt,-51.818128360215056,-50.99693222045899,1.8152760507242252,12.274019660268461
common_voice_22_0_283,0.0,3.0061875,utt,-51.11928337832226,-51.05250473022461,1.8152760507242252,15.784510804953435
common_voice_22_0_358,0.0,1.7851875,utt,-56.69265559532123,-55.18958457310995,1.8152760507242252,9.72146953625878
common_voice_22_0_51,0.0,2.994,utt,-57.71907007734114,-56.89517273774018,1.8152760507242252,3.26716670959388
common_voice_22_0_889,0.0,1.2775,utt,-51.40464401245117,-52.02872744473544,1.8152760507242252,6.051573640847083
common_voice_22_0_361,0.0,1.4434,utt,-52.95582750108507,-52.41411372593471,1.8152751179165574,14.225582306300149
common_voice_22_0_266,0.0,1.5184,utt,-56.82731548108553,-55.0642155456543,1.8152751179165574,2.186292275053292
common_voice_22_0_584,0.0,1.185,utt,-60.28283793986345,-58.73712603251139,1.8152751179165574,3.5134780603706144
common_voice_22_0_668,0.0,1.6776875,utt,-57.92747279575893,-53.21300379435221,1.8152741851088896,12.58673437269221
common_voice_22_0_107,0.0,2.83325,utt,-54.156757260379855,-55.7516724371141,1.8152685882628832,10.29662460819466
common_voice_22_0_1093,0.0,0.790375,utt,-55.20882985561709,-54.293734550476074,1.8124598088960613,4.613871161432797
common_voice_22_0_824,0.0,1.2215625,utt,-45.60589699667008,-44.81219700404576,1.8092429442962714,2.9674225506746232
common_voice_22_0_262,0.0,1.8751,utt,-57.292251911569146,-55.914166107177735,1.8092425159724843,7.874554227764634
common_voice_22_0_489,0.0,1.9659,utt,-53.02273853902284,-56.00844855057566,1.8092425159724843,17.578175726654774
common_voice_22_0_377,0.0,2.2513,utt,-51.81720920138889,-50.41605047746138,1.8092425159724843,12.142428033095385
common_voice_22_0_847,0.0,1.3131875,utt,-53.83036513000954,-51.596021525065105,1.8092425159724843,9.02622805338617
common_voice_22_0_463,0.0,1.3246875,utt,-60.99798399029356,-60.764361130563834,1.8092425159724843,10.935757945411169
common_voice_22_0_167,0.0,2.2775,utt,-55.746663411458336,-54.50094683416958,1.8092425159724843,10.651805787370765
common_voice_22_0_992,0.0,1.1026,utt,-49.83257279829545,-49.253618413751774,1.8092423018105905,6.970769811334918
common_voice_22_0_1096,0.0,0.7971,utt,-55.21555786132812,-56.01567506790161,1.808688495489192,0.5440077887516708
common_voice_22_0_1083,0.0,0.83025,utt,-53.08925545933735,-50.77703179253472,1.808379710545287,4.342302190252264
common_voice_22_0_723,0.0,1.2425,utt,-54.40849058089718,-53.49333877563477,1.8071761441292564,0.38828737396767643
common_voice_22_0_1013,0.0,0.9200625,utt,-53.44312054177989,-54.3192138671875,1.8022537231836997,13.083200276996862
common_voice_22_0_453,0.0,2.5305,utt,-52.03900074110672,-53.05702095031738,1.8002175672319296,17.44579748784712
common_voice_22_0_778,0.0,1.128375,utt,-52.000462354811944,-50.83178956168039,1.8002141606612645,11.97381356376826
common_voice_22_0_823,0.0,1.0345,utt,-55.03690078883495,-54.390638498159554,1.8002136740083123,14.915276788373411
common_voice_22_0_1060,0.0,0.9468,utt,-50.002559621710525,-50.235997980291195,1.8002136740083123,12.079117052855285
common_voice_22_0_365,0.0,1.63125,utt,-58.27888947469325,-56.96081334894354,1.8002136740083123,17.4352431333908
common_voice_22_0_1069,0.0,1.8176875,utt,-49.78101927369506,-55.593318939208984,1.8002136740083123,10.743334999636927
common_voice_22_0_783,0.0,1.1791,utt,-52.089467194120765,-51.36033503214518,1.8002136740083123,6.929570072790433
common_voice_22_0_701,0.0,1.42225,utt,-59.602092044454224,-59.37009721643784,1.8002136740083123,1.8374725240614858
common_voice_22_0_281,0.0,2.214375,utt,-60.07855362697964,-58.19172576904297,1.8002136740083123,2.449211660942911
common_voice_22_0_187,0.0,1.8791875,utt,-52.947005900930854,-52.06009349116572,1.8002136740083123,9.034128263619422
common_voice_22_0_828,0.0,1.2045625,utt,-50.879414876302086,-49.28916985648019,1.8002136740083123,5.769595035581945
common_voice_22_0_405,0.0,1.7364,utt,-54.33113887392241,-53.92716018013332,1.8002134306818363,9.508164021815297
common_voice_22_0_649,0.0,1.3386,utt,-55.85453955806903,-54.292863607406616,1.8002134306818363,5.3483522597948525
common_voice_22_0_1081,0.0,0.90075,utt,-47.29009874131945,-45.24530625343323,1.8002131873553604,9.74197877045075
common_voice_22_0_1111,0.0,0.8048,utt,-56.40286865234375,-56.08323451450893,1.8002127007024082,8.293271714901218
common_voice_22_0_1020,0.0,0.9799,utt,-54.09770109215561,-53.71427116394043,1.7969472593935227,11.310061348126206
common_voice_22_0_614,0.0,1.5979,utt,-51.0229736328125,-49.619359254837036,1.796078507426663,6.827072401717361
common_voice_22_0_570,0.0,1.7071,utt,-53.13553088450293,-52.048321974904916,1.796078507426663,9.098381256523826
common_voice_22_0_568,0.0,1.611375,utt,-54.91453561723603,-53.81138108905993,1.796078507426663,10.05052866987656
common_voice_22_0_1049,0.0,0.7673,utt,-54.503234070616884,-53.09366777208116,1.796078507426663,3.3993058370850946
common_voice_22_0_445,0.0,2.3741875,utt,-47.01044963080169,-46.395453861781526,1.796078507426663,20.992466413725012
common_voice_22_0_749,0.0,1.2741875,utt,-52.89759165846457,-52.05936241149902,1.796078507426663,4.159678792974816
common_voice_22_0_741,0.0,1.3623,utt,-50.156655704273895,-47.95802192687988,1.796078507426663,5.048858241710143
common_voice_22_0_1125,0.0,0.6446875,utt,-54.56969451904297,-53.74731717790876,1.796078507426663,7.8448980617297215
common_voice_22_0_954,0.0,0.8921,utt,-54.494316186797754,-51.74137941996256,1.796078507426663,11.67892609851803
common_voice_22_0_356,0.0,1.866,utt,-54.3331958138369,-53.63548097156343,1.796078507426663,8.702428846341538
common_voice_22_0_444,0.0,1.9609,utt,-51.005047233737244,-50.70423750443892,1.796078507426663,12.530376083447491
common_voice_22_0_329,0.0,1.6106,utt,-53.38484447787267,-52.76150728308636,1.796078507426663,14.155065393206172
common_voice_22_0_1159,0.0,0.7262,utt,-48.434593723244866,-47.796695709228516,1.796078507426663,10.66682073240642
common_voice_22_0_786,0.0,1.1188,utt,-52.46502249581473,-51.58848292032878,1.796078507426663,12.866363225427897
common_voice_22_0_1064,0.0,0.8451,utt,-62.964010799632355,-53.79116439819336,1.796078507426663,9.174070640821466
common_voice_22_0_934,0.0,0.9589,utt,-44.82242329915365,-43.3631649017334,1.796078507426663,8.359324692825522
common_voice_22_0_804,0.0,1.1488,utt,-57.73510954483696,-57.63568878173828,1.796078507426663,15.600518016858164
common_voice_22_0_1187,0.0,0.6939,utt,-55.27551446444746,-55.8867546081543,1.796078507426663,8.429593388418704
common_voice_22_0_777,0.0,1.29125,utt,-50.80601986434109,-49.275747776031494,1.796078507426663,10.553429947718431
common_voice_22_0_639,0.0,1.311375,utt,-54.61533501312023,-55.492130517959595,1.796078507426663,5.412169707376199
common_voice_22_0_906,0.0,1.176875,utt,-55.42578125,-55.392070476825424,1.796078507426663,10.615691487597779
common_voice_22_0_673,0.0,1.304375,utt,-51.63915264423077,-51.43898481481216,1.796078507426663,12.555350593109392
common_voice_22_0_428,0.0,1.5456875,utt,-50.69497542842742,-50.8391318321228,1.7960782463507767,17.06187076285238
common_voice_22_0_1000,0.0,1.0263,utt,-51.60654960558252,-52.28759288787842,1.7960782463507767,6.951571279066018
common_voice_22_0_798,0.0,1.2165,utt,-51.05476354380123,-50.54689073562622,1.7960779852748903,14.833512213307543
common_voice_22_0_691,0.0,1.2377,utt,-55.08501212827621,-54.32136894674862,1.7960764188195721,6.953099797276099
common_voice_22_0_142,0.0,2.4214,utt,-58.12034316890496,-56.915091069539386,1.7960743302124813,8.343627470188125
common_voice_22_0_497,0.0,1.767375,utt,-58.46219544491525,-56.81665229797363,1.7920289183282785,2.7329632297948923
common_voice_22_0_945,0.0,1.0731875,utt,-57.11466851635514,-57.23143323262533,1.7920276563911128,4.73132356742196
common_voice_22_0_277,0.0,1.6323,utt,-52.67282759777607,-51.118903568812776,1.7920263944539472,9.039360098889055
common_voice_22_0_455,0.0,1.7450625,utt,-52.91898995535714,-52.801026298886256,1.7842362702843577,3.2845539545456077
common_voice_22_0_827,0.0,1.261375,utt,-53.1954093812004,-52.067621503557476,1.759712934127343,5.601150568439101
common_voice_22_0_351,0.0,1.9224,utt,-64.75949605305989,-58.943400507387906,1.7513462086601537,4.075289544472028
common_voice_22_0_974,0.0,1.13175,utt,-56.260076742256636,-53.630843529334435,1.751345711630535,4.098558428227676
common_voice_22_0_727,0.0,1.2329,utt,-61.006204744664636,-59.616346740722655,1.7513442205416794,7.216186994469025
common_voice_22_0_820,0.0,1.0846,utt,-56.3505859375,-55.580113474528,1.7513442205416794,15.258475199989107
common_voice_22_0_147,0.0,2.322375,utt,-54.77297868399784,-53.49489999586536,1.7513442205416794,4.216576485685991
common_voice_22_0_384,0.0,1.41175,utt,-52.254726978058514,-50.82428914024716,1.7470193082763925,7.964959277591703
common_voice_22_0_335,0.0,2.6595,utt,-53.84290560385338,-52.866665522257485,1.7470193082763925,13.775310981800486
common_voice_22_0_996,0.0,1.0283,utt,-53.776196526092235,-52.44791221618652,1.7446943586159287,15.464454304026178
common_voice_22_0_438,0.0,2.3269,utt,-68.82717358503218,-57.078963870093936,1.7411393278522942,3.6371250818986223
common_voice_22_0_523,0.0,1.5411875,utt,-59.86489828530844,-55.87161865234375,1.7411393278522942,11.870908887805582
common_voice_22_0_511,0.0,2.1575625,utt,-56.889747902199076,-55.772210439046226,1.7411393278522942,10.585407516154913
common_voice_22_0_1091,0.0,0.8157,utt,-56.89629382621951,-51.32304239273071,1.7411393278522942,1.3585298652817261
common_voice_22_0_645,0.0,1.8596875,utt,-63.50057753696237,-63.48477494089227,1.7411393278522942,1.634002766387761
common_voice_22_0_590,0.0,1.513375,utt,-56.101342611754966,-55.90903226067038,1.7411393278522942,8.878458816106939
common_voice_22_0_204,0.0,2.21875,utt,-50.55957471143018,-49.47142586341271,1.7411393278522942,10.838257633500184
common_voice_22_0_96,0.0,2.839875,utt,-57.64113391285211,-57.151323491876774,1.7411393278522942,6.472349665475562
common_voice_22_0_426,0.0,2.0850625,utt,-67.12876607356459,-60.37058276221866,1.7411393278522942,5.091401388280497
common_voice_22_0_392,0.0,1.2855,utt,-50.437212330426355,-48.65702781677246,1.7411377684361793,8.002702300464733
common_voice_22_0_563,0.0,1.4061875,utt,-52.1680899545656,-49.95717536078559,1.7411362090200644,11.74297083954921
common_voice_22_0_607,0.0,1.4719,utt,-59.94080835459184,-58.6111863454183,1.7365291907717464,7.666802431484832
common_voice_22_0_44,0.0,2.7074,utt,-56.10518767297048,-55.19250987126277,1.7365291907717464,6.738930866898356
common_voice_22_0_311,0.0,1.8556875,utt,-56.04717951948925,-54.23966113003817,1.7365291907717464,0.2758849679455846
common_voice_22_0_140,0.0,2.288,utt,-54.772170953875545,-54.565751211983816,1.7365291907717464,6.961100771024977
common_voice_22_0_437,0.0,1.949375,utt,-55.35240885416667,-54.719297107897304,1.7365291907717464,12.011160162448894
common_voice_22_0_246,0.0,1.9606875,utt,-55.79812559789541,-54.38156372070313,1.7365291907717464,5.485782479686124
common_voice_22_0_431,0.0,1.6000625,utt,-54.212744140625,-52.63887544111772,1.7365291907717464,9.831756500817061
common_voice_22_0_472,0.0,1.8274,utt,-53.90836855362022,-53.363867653740776,1.7365291907717464,7.84030772318091
common_voice_22_0_680,0.0,1.230875,utt,-63.03990409044715,-60.40130376815796,1.7365291907717464,7.8801874981827815
common_voice_22_0_912,0.0,1.2828,utt,-64.38810729980469,-57.95236805507115,1.7365291907717464,13.67314727948211
common_voice_22_0_1179,0.0,1.3879,utt,-57.171857435926256,-50.249288177490236,1.7365291907717464,12.791843883103319
common_voice_22_0_976,0.0,2.1999,utt,-56.04026544744318,-58.06116898854574,1.7365291907717464,10.746754434799811
common_voice_22_0_362,0.0,1.6426875,utt,-55.685231278582314,-54.30575706845238,1.7365290053828144,8.035750232909015
common_voice_22_0_1204,0.0,0.5433,utt,-56.508097330729164,-58.76736704508463,1.7365288199938826,6.940938838221591
common_voice_22_0_1047,0.0,0.89675,utt,-55.77398003472222,-52.89004745483398,1.736528449216019,9.349101324013803
common_voice_22_0_145,0.0,2.0836,utt,-55.22565166766827,-55.12974110356084,1.7365262245488369,5.547453719899655
common_voice_22_0_995,0.0,1.04275,utt,-53.19425142728365,-52.1919919794256,1.7356662220856112,4.872230343566741
common_voice_22_0_519,0.0,1.6449,utt,-54.4856552496189,-52.2794994354248,1.7356662220856112,11.824705360144318
common_voice_22_0_275,0.0,1.934,utt,-54.36893316871762,-52.75660755323327,1.7356662220856112,5.894888808031835
common_voice_22_0_711,0.0,2.261375,utt,-48.02349367394911,-53.750666674445654,1.7356659729356758,18.668505199501453
common_voice_22_0_866,0.0,0.9051,utt,-47.864354395604394,-45.88692195598896,1.7356659729356758,7.05962456131075
common_voice_22_0_1088,0.0,0.9741875,utt,-53.477473622744846,-52.01537831624349,1.7356659729356758,9.084127678382123
common_voice_22_0_958,0.0,1.0891,utt,-54.56036320957569,-54.15052795410156,1.7356657237857405,17.652299449517916
common_voice_22_0_239,0.0,1.9268,utt,-52.84815212111399,-51.95315283316153,1.7356657237857405,17.955281471075146
common_voice_22_0_986,0.0,1.3105625,utt,-60.18824174021947,-58.8223762512207,1.735409583926226,3.7171366197998683
common_voice_22_0_127,0.0,2.6913,utt,-59.54721625232342,-58.790287526448566,1.7298157947908124,7.657493794037709
common_voice_22_0_758,0.0,1.8157,utt,-68.19200184581044,-58.57652364458357,1.7298136158482131,8.031892273702702
common_voice_22_0_395,0.0,1.638,utt,-55.95196979801829,-55.218034744262695,1.7226997631338388,7.817517991235569
common_voice_22_0_1178,0.0,0.6218,utt,-54.93323147681452,-53.774681854248044,1.7174758957132048,8.85576134774925
common_voice_22_0_542,0.0,1.3138,utt,-54.27228202528626,-53.66643703685087,1.717475057383965,21.399297949324843
common_voice_22_0_627,0.0,1.4745,utt,-55.503683700042515,-54.25018030054429,1.717475057383965,7.398541100474995
common_voice_22_0_28,0.0,3.4346,utt,-53.63971961552478,-52.88050686229359,1.7000919968712704,12.697820900582897
common_voice_22_0_154,0.0,1.8016,utt,-56.660877821180556,-55.2067519878519,1.6981179156393078,17.682655452781546
common_voice_22_0_168,0.0,2.9116,utt,-54.87574165055842,-57.45359591780038,1.6981157417645472,14.24075534574406
common_voice_22_0_449,0.0,1.6405625,utt,-56.19683093559451,-54.544695717947825,1.6941821674640356,6.326512303050922
common_voice_22_0_604,0.0,1.3680625,utt,-53.49446139370438,-53.2089776431813,1.6925190213227923,22.158857170783598
common_voice_22_0_1113,0.0,0.855,utt,-60.05322265625,-58.528571537562776,1.692518988137927,0.2797124407658469
common_voice_22_0_1207,0.0,0.3680625,utt,-56.879902607685814,-57.48715400695801,1.6925186775275889,3.725383849595227
common_voice_22_0_839,0.0,1.9635,utt,-54.920001594387756,-52.78940446036203,1.682132860998826,6.830856470795531
common_voice_22_0_1163,0.0,0.61075,utt,-53.81590195952869,-53.195746103922524,1.6690767781621114,28.75602659341746
common_voice_22_0_1182,0.0,0.5688,utt,-49.26215135005482,-48.38287582397461,1.6660514862858062,9.136598243076655
common_voice_22_0_381,0.0,1.5853,utt,-56.476206269654085,-55.961656917225234,1.6660511928645005,5.2816287202590075
common_voice_22_0_1009,0.0,1.163375,utt,-59.097639412715516,-59.3490416208903,1.6622706334259518,4.438599086797513
common_voice_22_0_330,0.0,2.2316875,utt,-51.94671384529148,-52.23160453464674,1.6600072564103456,10.878976012873421
common_voice_22_0_658,0.0,1.2994,utt,-58.86245868389423,-56.5832576751709,1.6600068665563168,23.93136732712243
common_voice_22_0_788,0.0,1.3118,utt,-57.32481885138359,-56.14331865310669,1.6600066716293025,5.203588667990809
common_voice_22_0_493,0.0,1.461375,utt,-58.49402691566781,-58.53129959106445,1.6600064767022882,6.453598789185886
common_voice_22_0_401,0.0,2.0820625,utt,-53.60897592397836,-52.488293561068446,1.6600064767022882,10.53072311645159
common_voice_22_0_643,0.0,2.0254,utt,-50.91470712746305,-50.65642727122587,1.6600064767022882,14.801217178265043
common_voice_22_0_544,0.0,1.688,utt,-53.25727510170118,-51.83554344177246,1.6557022031592261,7.765675344093395
common_voice_22_0_422,0.0,1.78025,utt,-55.74740497717696,-54.14437886288292,1.649048158052406,6.8255093546198875
common_voice_22_0_629,0.0,1.1921875,utt,-55.91913816307773,-54.263600517721734,1.649048158052406,17.626125940003938
common_voice_22_0_385,0.0,1.626875,utt,-52.48531561541411,-51.20225784995339,1.6490477601301656,8.431169535649259
common_voice_22_0_84,0.0,2.6683,utt,-63.66326515683521,-59.49084974016462,1.6490477601301656,9.223410267684521
common_voice_22_0_413,0.0,1.6861,utt,-50.51871648483728,-50.0555025100708,1.6490477601301656,12.00297201089619
common_voice_22_0_219,0.0,2.1442,utt,-55.40452048043224,-54.2630940190068,1.649044576752245,3.916899305569782
common_voice_22_0_1168,0.0,0.8675625,utt,-53.43951486170977,-57.10414441426595,1.6448093466626248,3.5381974062157067
common_voice_22_0_806,0.0,1.3273,utt,-58.098842075892854,-56.83008651733398,1.6448093466626248,3.3069369632879937
common_voice_22_0_621,0.0,1.424,utt,-70.93323613556338,-64.58051210291245,1.6448093466626248,3.0071917523557836
common_voice_22_0_637,0.0,1.2546875,utt,-60.02246875,-58.32856321334839,1.6448093466626248,3.9094204215812702
common_voice_22_0_495,0.0,1.5383,utt,-56.114429028003244,-54.02353126124332,1.6448093466626248,5.01110406850761
common_voice_22_0_708,0.0,1.262375,utt,-54.162279885912696,-52.47431059444652,1.6448093466626248,6.279637603865808
common_voice_22_0_1050,0.0,0.900875,utt,-57.400249565972224,-55.748128509521486,1.6448093466626248,5.270593797689454
common_voice_22_0_157,0.0,2.5746875,utt,-59.66135320403696,-58.161543301173616,1.6448093466626248,0.4451446412821962
common_voice_22_0_1038,0.0,0.6801875,utt,-48.782664579503674,-48.60465850830078,1.6448093466626248,6.082694673689339
common_voice_22_0_1118,0.0,0.7006,utt,-60.37168666294643,-58.12961483001709,1.6448093466626248,1.5143425158565673
common_voice_22_0_826,0.0,1.08,utt,-55.48399070457176,-53.602456501552034,1.6448082383372062,5.641658124795768
common_voice_22_0_933,0.0,1.0496875,utt,-55.175409226190474,-54.66948934701773,1.6448082383372062,9.021270405079225
common_voice_22_0_742,0.0,1.0686875,utt,-54.57522269275701,-53.71158195944393,1.6448082383372062,12.178306851060906
common_voice_22_0_1170,0.0,0.4916,utt,-60.18277164381377,-59.191271464029946,1.6448082383372062,12.603625755336644
common_voice_22_0_880,0.0,1.0315625,utt,-56.68181602700243,-57.095044817243306,1.6448082383372062,2.5298525160145164
common_voice_22_0_1177,0.0,0.525375,utt,-63.311039762676884,-64.21067352294922,1.644808164448845,4.018697378825301
common_voice_22_0_1161,0.0,0.638,utt,-56.167991638183594,-54.37330627441406,1.644808164448845,7.0433731568689595
common_voice_22_0_1194,0.0,0.5312,utt,-60.2657309478184,-55.4199161529541,1.644808164448845,2.403188196511044
common_voice_22_0_962,0.0,1.2501875,utt,-55.64569921875,-53.6537111455744,1.644808164448845,5.055598585892719
common_voice_22_0_882,0.0,2.0711875,utt,-54.06216976147343,-47.30863072321965,1.6448046178075058,13.45999875274164
common_voice_22_0_214,0.0,2.0390625,utt,-54.96699314491421,-54.58539443969727,1.643036590282939,8.398156697666156
common_voice_22_0_885,0.0,1.2291875,utt,-55.996669366107724,-54.60541752406529,1.6412814315267505,9.878397954440565
common_voice_22_0_450,0.0,1.8134,utt,-56.44613259668508,-55.897921189017914,1.6412814315267505,5.745178011859769
common_voice_22_0_193,0.0,2.2304,utt,-52.99309837443946,-51.876936287715516,1.6412814315267505,13.163936204103324
common_voice_22_0_366,0.0,1.583875,utt,-53.57696919501582,-53.77216943105062,1.6412814315267505,10.454825513536534
common_voice_22_0_993,0.0,0.8936,utt,-52.35452510533708,-49.60103759765625,1.6412814315267505,4.795768111384291
common_voice_22_0_1167,0.0,0.6042,utt,-57.14731038411458,-57.472181955973305,1.6412814315267505,14.790769267490397
common_voice_22_0_502,0.0,1.636375,utt,-55.48488114519817,-55.09660259046053,1.6412811979674464,14.664888667397163
common_voice_22_0_288,0.0,1.765875,utt,-58.857057733050844,-57.76395355224609,1.6412776945778875,9.471820299220903
common_voice_22_0_279,0.0,1.9501,utt,-53.298517628205126,-52.16025559107462,1.6377213592782014,5.291190264931991
common_voice_22_0_178,0.0,2.5650625,utt,-54.59587791828794,-54.56939799969013,1.6335234343207654,9.17596676858789
common_voice_22_0_901,0.0,1.2893,utt,-46.99587799781977,-45.178241457257954,1.6303549649803926,12.432792881712123
common_voice_22_0_58,0.0,2.3163,utt,-51.10049333243534,-50.86291717080509,1.6277776805090611,6.851128052400403
common_voice_22_0_286,0.0,2.0091,utt,-56.81590582245025,-55.88798341296968,1.6277770150114717,11.566466236966772
common_voice_22_0_410,0.0,1.473,utt,-54.380832801870746,-53.02720623924618,1.6277770150114717,6.77900507250653
common_voice_22_0_682,0.0,1.3351875,utt,-59.63161001632463,-56.235252888997394,1.6277067900352864,6.155715676533385
common_voice_22_0_810,0.0,1.1056,utt,-49.41125158361486,-49.3619026184082,1.6277058572276186,16.465384765647826
common_voice_22_0_1150,0.0,0.7175,utt,-52.36731974283854,-53.037776947021484,1.6083243920038748,15.921027812283748
common_voice_22_0_704,0.0,1.8609,utt,-55.46334215389785,-54.17981576919556,1.6059107402678168,8.065675189517187
common_voice_22_0_282,0.0,1.914375,utt,-49.29230407395288,-48.250980377197266,1.5989724790472208,15.538570881821052
common_voice_22_0_1045,0.0,0.8816,utt,-50.24286443536932,-49.814412689208986,1.5976448271421102,10.668583274870642
common_voice_22_0_163,0.0,2.3219,utt,-51.308909449084055,-51.02654579707554,1.5950985141954124,11.454302379960087
common_voice_22_0_1192,0.0,0.47275,utt,-47.685422207446805,-49.75315189361572,1.5926065468855153,13.998560363553366
common_voice_22_0_33,0.0,2.93475,utt,-58.55642064846416,-57.64601790599334,1.5926065468855153,6.1179588811353245
common_voice_22_0_1061,0.0,0.9571875,utt,-51.951456705729164,-51.03344535827637,1.5864238679014728,13.973194077423543
common_voice_22_0_921,0.0,0.9885,utt,-54.75365964330808,-53.65919532775879,1.5803099342354634,3.7499164456387977
common_voice_22_0_494,0.0,1.3936875,utt,-56.924994379496404,-56.03056094520971,1.5667621811817767,2.1870999219929494
common_voice_22_0_914,0.0,1.346875,utt,-54.688259548611114,-54.02072270711263,1.5655955079415924,16.812624009148703
common_voice_22_0_736,0.0,1.3551875,utt,-56.69524787454044,-55.24486618041992,1.5638754018142824,0.259640761754639
common_voice_22_0_389,0.0,1.72875,utt,-54.25256277095376,-52.876262498938516,1.5554455062188777,6.520196046992812
common_voice_22_0_217,0.0,1.8301,utt,-52.91030566939891,-51.5246257019043,1.5554450088160776,5.028366061603604
common_voice_22_0_678,0.0,1.3451,utt,-51.54527994791667,-51.60171778061811,1.5554450088160776,11.272267953698819
common_voice_22_0_762,0.0,1.5135625,utt,-54.99895229718543,-51.81614542007446,1.5390244299080067,9.514914028288691
common_voice_22_0_1082,0.0,0.7755625,utt,-58.10386618589744,-56.887819078233505,1.538800965937434,10.364677074248036
common_voice_22_0_1033,0.0,1.0015,utt,-55.8292724609375,-54.56322028420188,1.538800965937434,5.959962417130642
common_voice_22_0_897,0.0,1.0713,utt,-53.44387047313084,-53.39415887685922,1.538800965937434,10.61842897180116
common_voice_22_0_1027,0.0,1.0208,utt,-51.96634210324755,-50.28291244506836,1.5388005674069574,4.365133853026203
common_voice_22_0_966,0.0,0.7961,utt,-55.92581787109375,-55.00244730169123,1.5387999031894963,21.031779186399973
common_voice_22_0_942,0.0,1.3241,utt,-53.214041045217805,-51.17551694597517,1.5387999031894963,9.674425978344955
common_voice_22_0_386,0.0,1.5709,utt,-56.10689316281847,-55.25191995371943,1.5386566542060076,16.5788192332865
common_voice_22_0_856,0.0,1.0034,utt,-58.5933740234375,-55.69133186340332,1.5386566542060076,6.858796844871643
common_voice_22_0_718,0.0,1.4760625,utt,-55.818115234375,-54.89755630493164,1.5386556739847925,7.557848419648021
common_voice_22_0_981,0.0,1.8500625,utt,-47.95763302364865,-48.23957501924955,1.5286733062413826,16.501673452380587
common_voice_22_0_298,0.0,2.2622,utt,-62.96663699529867,-57.3890430132548,1.5286733062413826,6.141056988623751
common_voice_22_0_346,0.0,1.9396875,utt,-52.74250966494845,-50.95705745531165,1.5286709418138231,22.640959099185935
common_voice_22_0_905,0.0,0.96975,utt,-56.539455138530926,-54.390337857333094,1.526442393124512,5.148311625094289
common_voice_22_0_753,0.0,1.1275,utt,-51.768731851493364,-50.328983815511066,1.5243333692116905,5.032006494643609
common_voice_22_0_721,0.0,1.4007,utt,-55.476513671875,-54.02385330200195,1.5217995623063563,10.250659902307765
common_voice_22_0_660,0.0,1.68025,utt,-51.78174990699405,-51.57254428863526,1.5171397667524014,8.978632614453524
common_voice_22_0_605,0.0,1.627875,utt,-53.57545892446319,-52.507523586875514,1.5171384665793963,8.528868986366243
common_voice_22_0_687,0.0,1.2701,utt,-62.83603746309055,-59.88012146949768,1.517137875591667,6.858256898552579
common_voice_22_0_917,0.0,1.0309,utt,-53.843598300970875,-53.02340189615885,1.517137875591667,6.357938995394752
common_voice_22_0_612,0.0,1.4672,utt,-54.73346154868197,-52.470934338039825,1.5162242688347667,5.131901725407523
common_voice_22_0_915,0.0,1.1756875,utt,-58.59934868246822,-54.58274147727273,1.5143591040113493,4.689655312738665
common_voice_22_0_1062,0.0,1.0756875,utt,-59.209897641782405,-56.45527691311307,1.5143584283674947,-3.5879562712642272
common_voice_22_0_1146,0.0,0.7449,utt,-52.664491395692565,-50.54885046822684,1.512856485930984,9.400091989183602
common_voice_22_0_231,0.0,2.253875,utt,-57.56106770833333,-57.84315710801344,1.502278034658664,3.546545622132367
common_voice_22_0_336,0.0,1.6859,utt,-57.454800758136095,-56.919124429876156,1.502278034658664,7.353542653265782
common_voice_22_0_223,0.0,1.8250625,utt,-53.59812585382514,-52.67010238647461,1.502278034658664,7.701902225915962
common_voice_22_0_868,0.0,1.1781875,utt,-61.940797967425844,-60.33571802775065,1.5022771018509962,13.418107290837737
common_voice_22_0_990,0.0,0.9538,utt,-57.598936060855266,-57.6229887008667,1.5022771018509962,10.786688261328896
common_voice_22_0_792,0.0,1.3581875,utt,-52.994212431066174,-51.775988515218096,1.5022764022452455,5.662237929867787
common_voice_22_0_948,0.0,1.1105625,utt,-52.61320646818694,-50.09913603464762,1.5022761690433284,8.243515658056392
common_voice_22_0_577,0.0,1.5671875,utt,-50.439372263136946,-49.36053148905436,1.5022761690433284,12.638998087295885
common_voice_22_0_474,0.0,2.2519,utt,-65.88758680555556,-58.3101090517911,1.5022761690433284,15.867188139251883
common_voice_22_0_576,0.0,1.9979,utt,-64.50455078125,-55.15368461608887,1.5022761690433284,9.428360721140221
common_voice_22_0_292,0.0,1.5237,utt,-58.2264982524671,-57.054590702056885,1.5022761690433284,11.069710668826731
common_voice_22_0_30,0.0,2.7694,utt,-48.524262466155236,-46.99624066603811,1.502274303427993,7.0496054768829275
common_voice_22_0_482,0.0,1.6244,utt,-60.47340977044753,-59.20539058338512,1.4995053989319806,6.940337666871054
common_voice_22_0_462,0.0,1.6051875,utt,-56.74863523874224,-54.65964984893799,1.4981932501853825,7.5130975733567364
common_voice_22_0_800,0.0,1.487875,utt,-59.197023122902685,-55.51264435904367,1.4928942911249061,12.598889784898809
common_voice_22_0_744,0.0,1.1371,utt,-56.00123783580044,-54.9314923286438,1.487704615792191,8.180507260985145
common_voice_22_0_864,0.0,1.2578,utt,-55.13209170386905,-54.15561969463642,1.4877031326807362,5.392135570209344
common_voice_22_0_961,0.0,1.1351875,utt,-56.16243061266447,-53.94137261130593,1.4845362135752915,7.768871856809582
common_voice_22_0_1039,0.0,0.7125,utt,-54.73263162962148,-53.4970085144043,1.4845362135752915,6.485978723300432
common_voice_22_0_490,0.0,1.5152,utt,-53.724843878495065,-53.30031404997173,1.4845362135752915,7.556588914092838
common_voice_22_0_1042,0.0,1.0179,utt,-56.964771943933826,-50.581103515625,1.484535431118476,3.6570309315620584
common_voice_22_0_300,0.0,2.2124,utt,-53.84413443863122,-53.87266616821289,1.4845346486616604,7.754588270314201
common_voice_22_0_546,0.0,1.922,utt,-51.20671081542969,-52.58750682406955,1.4795129674121132,12.226600146701077
common_voice_22_0_64,0.0,3.324875,utt,-54.45376623682229,-53.75294659588788,1.473630610883589,11.903182255232577
common_voice_22_0_650,0.0,1.4321875,utt,-53.98741736778846,-52.76700883753159,1.473626717659972,7.231808948982543
common_voice_22_0_237,0.0,2.231,utt,-56.24297137752242,-55.10189613929162,1.473626717659972,22.02736543187456
common_voice_22_0_312,0.0,1.8855,utt,-52.55620659722222,-51.518666903177895,1.473626717659972,4.112324686130618
common_voice_22_0_1079,0.0,0.9186875,utt,-52.47837232506794,-51.87686042785644,1.473626717659972,9.652485171776595
common_voice_22_0_983,0.0,1.2455625,utt,-55.61661328125,-53.91413762019231,1.473626717659972,12.284825840686757
common_voice_22_0_370,0.0,1.9149,utt,-56.3083023151178,-55.05462432861328,1.473626717659972,18.780951364886178
common_voice_22_0_397,0.0,1.79325,utt,-53.48267283519553,-52.966588156563894,1.473626717659972,20.357789161902073
common_voice_22_0_477,0.0,1.6026,utt,-51.516259765625,-51.4106746673584,1.473626717659972,7.796559242101569
common_voice_22_0_280,0.0,2.1239,utt,-57.015482200766506,-56.4042599995931,1.473626717659972,1.7060789600974378
common_voice_22_0_951,0.0,1.0325,utt,-55.346788721177184,-53.49345334370931,1.473626717659972,8.313073839892773
common_voice_22_0_883,0.0,1.7279,utt,-51.35909840137283,-50.26469392042894,1.4736262310070198,16.725159930578467
common_voice_22_0_903,0.0,1.0465,utt,-58.1388439360119,-55.9859037399292,1.4736261701754008,6.60192792028925
common_voice_22_0_252,0.0,1.838375,utt,-52.1275634765625,-52.277488708496094,1.4736257443540677,8.727187063171934
common_voice_22_0_1154,0.0,0.7406875,utt,-51.92366646431588,-52.229582105364116,1.4736257443540677,7.580473377926996
common_voice_22_0_36,0.0,3.354,utt,-60.39063666044776,-59.60469857240334,1.461920197930767,-2.231309539842373
common_voice_22_0_129,0.0,2.4195,utt,-51.35179655216942,-49.39233613014221,1.4619152441495618,7.502611080787771
common_voice_22_0_757,0.0,1.4796,utt,-50.478941221494935,-49.36032271385193,1.4469549871838163,9.05028036489163
common_voice_22_0_569,0.0,1.3745,utt,-49.59029282618613,-48.60200996398926,1.4469549871838163,3.817221493686663
common_voice_22_0_554,0.0,1.7363,utt,-60.167873338721265,-54.038800289756374,1.4469549871838163,15.777852184437965
common_voice_22_0_603,0.0,1.5922,utt,-52.09320951257862,-50.41281212700738,1.4456708071845639,9.320825390190452
common_voice_22_0_667,0.0,1.5045625,utt,-51.33470703125,-51.21317566765679,1.445668718577473,6.37977146934543
common_voice_22_0_297,0.0,2.2356875,utt,-51.02986798967634,-48.6688264465332,1.445668718577473,8.222368999928522
common_voice_22_0_972,0.0,0.8596875,utt,-53.82260060864826,-54.928473154703774,1.445668718577473,10.818348084828706
common_voice_22_0_876,0.0,1.8840625,utt,-60.891274310172875,-50.078159968058266,1.445668718577473,8.380683020646474
common_voice_22_0_580,0.0,1.6868,utt,-51.651869914940825,-50.436589893541836,1.445668718577473,7.4436730197300385
common_voice_22_0_772,0.0,1.34075,utt,-52.44980177238806,-50.53510774884905,1.445668718577473,8.028721980319968
common_voice_22_0_681,0.0,1.2790625,utt,-49.10844039916992,-47.95185764019306,1.445668718577473,8.969973516297443
common_voice_22_0_209,0.0,1.6975625,utt,-50.466371783088235,-48.11813843768576,1.445668718577473,6.914210317396147
common_voice_22_0_728,0.0,1.9636,utt,-64.6390605070153,-53.2900972366333,1.445668718577473,9.908498988132258
common_voice_22_0_1052,0.0,0.993375,utt,-54.02774325284091,-53.13253541426225,1.445668718577473,8.29096705223194
common_voice_22_0_613,0.0,1.8509,utt,-50.916158150337836,-51.71572388543023,1.4456681964257,13.150029525601582
common_voice_22_0_865,0.0,1.302,utt,-49.77743765024039,-48.72105525090144,1.4456681964257,10.547823803064768
common_voice_22_0_899,0.0,1.0271,utt,-55.131518317657765,-51.450695331280045,1.4456681964257,2.1542988450086913
common_voice_22_0_467,0.0,2.405375,utt,-54.550100492738586,-55.48327012495561,1.445668065887757,8.192881107665084
common_voice_22_0_842,0.0,1.2864,utt,-57.130530069040695,-56.15948308308919,1.4456679353498139,13.619644111011764
common_voice_22_0_524,0.0,1.4186875,utt,-53.991131849691904,-53.80605338601505,1.4456676742739274,7.564547802059664
common_voice_22_0_834,0.0,1.3185,utt,-55.608871922348484,-54.70499318440755,1.445666629970382,4.4473753510028455
common_voice_22_0_617,0.0,4.1091875,utt,-49.43001539689781,-51.213238323436066,1.445666629970382,17.506061791589335
common_voice_22_0_684,0.0,1.24225,utt,-50.19528099798387,-49.300727128982544,1.445666629970382,11.322781452947725
common_voice_22_0_122,0.0,2.1546,utt,-56.98158157703488,-55.11761987620387,1.445666629970382,1.5339746602085658
common_voice_22_0_332,0.0,2.3196,utt,-48.905589136584055,-50.54115017977628,1.4456645413632911,19.33870832891103
common_voice_22_0_483,0.0,1.710375,utt,-54.56754271747076,-52.21690950895611,1.4394771231773227,5.786936761533946
common_voice_22_0_1120,0.0,0.8214,utt,-48.1680878429878,-45.88952200753348,1.4394771231773227,7.826563141734653
common_voice_22_0_501,0.0,1.4888,utt,-52.99890874056208,-52.917326397366,1.4394771231773227,7.090728693722957
common_voice_22_0_393,0.0,1.8631875,utt,-60.27655094926075,-57.344831466674805,1.4394771231773227,1.8457464275838937
common_voice_22_0_461,0.0,1.7696875,utt,-50.36451160840395,-49.02493476867676,1.4361787109681647,12.060619481646972
common_voice_22_0_106,0.0,2.6716,utt,-54.93313655781835,-54.89132043087121,1.4247374017108088,15.795183393137957
common_voice_22_0_340,0.0,1.8259,utt,-55.26435493510929,-53.48766741545304,1.4177955959568578,3.034589096214461
common_voice_22_0_258,0.0,1.9026875,utt,-53.13101870888158,-51.24591033935547,1.4177955959568578,8.832554864765383
common_voice_22_0_849,0.0,1.2041,utt,-54.37753499348958,-53.10320799691336,1.4177936078383833,9.18391316233192
common_voice_22_0_550,0.0,1.4765,utt,-52.2522533519848,-50.56766255696615,1.413991848133174,10.430194802569869
common_voice_22_0_560,0.0,2.3592,utt,-52.37163996292373,-51.87205696105957,1.4048790241826432,12.069104766274307
common_voice_22_0_960,0.0,1.0595625,utt,-56.71983711674528,-55.27251025608608,1.4035023075325859,8.010770833922498
common_voice_22_0_975,0.0,1.044375,utt,-52.73429048978365,-52.08444096491887,1.4012631584348252,5.074075004826334
common_voice_22_0_432,0.0,1.9669,utt,-65.13160790767766,-62.10775034051193,1.4012631584348252,0.09426613579752008
common_voice_22_0_631,0.0,1.30325,utt,-49.78660231370192,-47.69590377807617,1.4012631584348252,9.099336039253338
common_voice_22_0_944,0.0,0.9029,utt,-59.956103515625,-57.89591563831676,1.4012631584348252,10.368636874433774
common_voice_22_0_1149,0.0,1.2384,utt,-48.63545473160282,-50.24267850603376,1.4012626601349545,10.700143481087142
common_voice_22_0_1055,0.0,0.925,utt,-55.879368279569896,-53.949621963500974,1.4012626601349545,6.547661352629383
common_voice_22_0_378,0.0,1.6756,utt,-53.916283017113095,-52.60768193783967,1.3983801162621072,24.574055476065347
common_voice_22_0_408,0.0,2.262,utt,-53.636144047289825,-52.574134826660156,1.3983801162621072,6.9611771973963865
common_voice_22_0_999,0.0,0.9496875,utt,-52.238096217105266,-50.913783680308946,1.3902040975713372,15.068236811453177
common_voice_22_0_743,0.0,1.8311875,utt,-67.40233307718579,-59.34864282608032,1.3840053308517306,6.644716657855708
common_voice_22_0_248,0.0,1.787375,utt,-49.35433397346369,-45.48601009534753,1.3840053308517306,3.875309041155134
common_voice_22_0_443,0.0,2.7820625,utt,-49.284759301933455,-52.6554626888699,1.3837394378807923,9.952943505015897
common_voice_22_0_203,0.0,2.1989,utt,-54.68679865056818,-53.96692965580867,1.3820071188436922,9.700669308987912
common_voice_22_0_628,0.0,1.3708,utt,-51.5461764370438,-50.62011528015137,1.3820069198825722,14.47161837179904
common_voice_22_0_857,0.0,1.083,utt,-59.989334671585645,-59.33810395460863,1.3820069198825722,1.6895893357267244
common_voice_22_0_1067,0.0,0.8399,utt,-54.31444149925595,-53.6793590121799,1.3820069198825722,10.075211003443133
common_voice_22_0_860,0.0,1.3422,utt,-52.53394647854478,-51.348931312561035,1.3820069198825722,13.019860816107357
common_voice_22_0_77,0.0,3.2639,utt,-52.44739143980061,-53.38980598449707,1.3785165250131497,14.703662019437335
common_voice_22_0_533,0.0,1.33925,utt,-56.01288479477612,-53.774639977349175,1.3767881065067975,7.97017728355355
common_voice_22_0_1022,0.0,1.008375,utt,-51.93105565439357,-50.51272062821822,1.3767881065067975,1.3062343819681494
common_voice_22_0_1057,0.0,0.8724,utt,-53.45813128591954,-52.4017879486084,1.3767881065067975,6.35523756251164
common_voice_22_0_735,0.0,1.4007,utt,-53.68505161830357,-52.89053649902344,1.3767881065067975,8.481893537784332
common_voice_22_0_657,0.0,1.6885,utt,-50.92925989275148,-50.89475870132446,1.3767881065067975,7.4019138531087805
common_voice_22_0_793,0.0,1.0036875,utt,-58.717119140625,-57.80902617318289,1.3767881065067975,0.46162530397110046
common_voice_22_0_399,0.0,1.41975,utt,-51.723484952684856,-50.51615314483642,1.3767881065067975,6.161922236085756
common_voice_22_0_591,0.0,1.445,utt,-55.035358297413794,-53.127499748678765,1.3767881065067975,3.8755328224366696
common_voice_22_0_268,0.0,1.8816875,utt,-60.23503469913564,-60.187872226421646,1.3767881065067975,-0.3947535075132027
common_voice_22_0_601,0.0,1.393375,utt,-52.21546551821043,-50.414748921113855,1.3767881065067975,5.9361758658187895
common_voice_22_0_1089,0.0,0.7672,utt,-58.12252054586039,-56.52668931749132,1.3767881065067975,2.8076229347662185
common_voice_22_0_946,0.0,1.1201,utt,-54.94327654157366,-53.83612976074219,1.3767872681775577,5.248159362985723
common_voice_22_0_754,0.0,1.0481,utt,-54.935965401785715,-53.64785739353725,1.3767872681775577,3.569622871947761
common_voice_22_0_963,0.0,1.2006,utt,-65.73754475911458,-57.94899056174538,1.3767872681775577,7.798581771286667
common_voice_22_0_1200,0.0,0.4200625,utt,-56.909016927083336,-57.19563674926758,1.3767872681775577,-0.24511652154733632
common_voice_22_0_402,0.0,1.5978,utt,-54.36356811523437,-54.08405251936479,1.3767872681775577,14.487330250025414
common_voice_22_0_1003,0.0,0.98275,utt,-53.05308314732143,-52.77790145874023,1.3767864298483181,6.585761465060452
common_voice_22_0_1056,0.0,0.8549,utt,-55.91028837316176,-54.06328506469727,1.3767864298483181,7.145234353833413
common_voice_22_0_1007,0.0,2.2801875,utt,-48.26715837445175,-52.50482406616211,1.3764927504896174,13.039354630196375
common_voice_22_0_1191,0.0,0.5350625,utt,-55.74883355034722,-53.570340156555176,1.3692425081130144,9.176455526368482
common_voice_22_0_499,0.0,1.408875,utt,-54.93721949800532,-53.15617084503174,1.368947696508227,11.814291413766286
common_voice_22_0_737,0.0,1.575375,utt,-63.203260977056964,-56.64981689453125,1.3685934740169798,6.613634588270546
common_voice_22_0_671,0.0,1.4496875,utt,-54.835250538793105,-54.683178424835205,1.3685934740169798,16.77972570348053
common_voice_22_0_436,0.0,1.8704,utt,-57.995947526737964,-58.64842525281404,1.3685934740169798,5.034751839860792
common_voice_22_0_925,0.0,1.02825,utt,-50.62095627275485,-51.18650297685103,1.3685922120798142,10.311171123049238
common_voice_22_0_396,0.0,1.7476,utt,-52.89341517857143,-51.523674556187224,1.3685922120798142,6.4899448872929835
common_voice_22_0_973,0.0,1.0650625,utt,-58.26701226635514,-57.183099110921226,1.3576137694302293,0.4083147598796746
common_voice_22_0_662,0.0,1.3846,utt,-61.39913807744565,-59.88078451156616,1.3576137694302293,2.758669403137109
common_voice_22_0_306,0.0,1.9186875,utt,-54.5003662109375,-53.43604485193888,1.3576137694302293,3.654920050795454
common_voice_22_0_138,0.0,2.4061,utt,-52.373800570539416,-51.365852702747695,1.3576137694302293,5.77415599466849
common_voice_22_0_873,0.0,1.0517,utt,-61.727167038690474,-59.588061992938705,1.3576137694302293,4.710854590166921
common_voice_22_0_88,0.0,2.5116875,utt,-58.840796968376495,-58.76981611812816,1.3576137694302293,1.7106153550627035
common_voice_22_0_851,0.0,0.9739,utt,-51.41553741140464,-50.69178799220494,1.3576137694302293,12.733672016963563
common_voice_22_0_417,0.0,1.8245625,utt,-50.72303185096154,-48.83268754378609,1.3576137694302293,8.255343884414813
common_voice_22_0_394,0.0,1.3245625,utt,-60.275253758285984,-57.962772006080264,1.3576137694302293,17.375986451143014
common_voice_22_0_79,0.0,2.53025,utt,-49.7520303236166,-48.35570481244255,1.3576137694302293,18.650193549846215
common_voice_22_0_185,0.0,1.7851,utt,-52.14639708449721,-50.65259891086154,1.3576137694302293,15.502853195259782
common_voice_22_0_801,0.0,1.1064,utt,-49.13813520551802,-46.73974691118513,1.3576137694302293,3.2724486969728748
common_voice_22_0_49,0.0,2.6103,utt,-53.04045812380268,-51.14326847621373,1.3576137694302293,8.211883884972417
common_voice_22_0_929,0.0,1.086875,utt,-53.968373709862384,-53.16834004720052,1.357612855664627,0.8651503671186465
common_voice_22_0_664,0.0,1.4304,utt,-53.95098065996503,-52.01429006788466,1.3576127903956554,4.599145225807401
common_voice_22_0_940,0.0,1.0044,utt,-51.5505712890625,-51.29889106750488,1.3576127251266839,10.367381277329013
common_voice_22_0_387,0.0,2.2430625,utt,-50.65940202985491,-48.27664836247762,1.3576127251266839,9.169989978973849
common_voice_22_0_669,0.0,1.284875,utt,-61.55019760131836,-61.3086371421814,1.3576127251266839,2.1618588327025527
common_voice_22_0_638,0.0,1.1687,utt,-59.49444110576923,-57.71014870537652,1.3576127251266839,-1.3889236345390934
common_voice_22_0_505,0.0,1.549375,utt,-54.04822328629032,-52.346026972720495,1.3576127251266839,6.893886856661815
common_voice_22_0_160,0.0,1.9821875,utt,-53.74116161616162,-52.868060500533495,1.3576116808231384,7.494551645748054
common_voice_22_0_819,0.0,1.1569,utt,-64.51159247036638,-61.64474281897912,1.3576116808231384,5.573831664587946
common_voice_22_0_1032,0.0,0.8047,utt,-51.11361389160156,-47.791113662719724,1.3576116808231384,5.3426714597630145
common_voice_22_0_315,0.0,1.854875,utt,-56.89306376689189,-55.04463195800781,1.3576116808231384,6.714810100310213
common_voice_22_0_130,0.0,3.1154,utt,-55.17894255809295,-54.04465260998956,1.3576116808231384,16.804437278161227
common_voice_22_0_225,0.0,1.9561875,utt,-53.613933952487244,-53.7280387878418,1.3576095922160476,19.248410358102653
common_voice_22_0_566,0.0,2.72675,utt,-50.12376230540293,-56.53566521092465,1.3576095922160476,11.53568170303101
common_voice_22_0_598,0.0,1.5203,utt,-58.0264250102796,-57.7890813615587,1.3576095922160476,14.018201428128712
common_voice_22_0_57,0.0,3.3269,utt,-53.705078125,-52.84787657454207,1.3576054150018657,10.666300634987557
common_voice_22_0_161,0.0,1.966,utt,-55.83639851681472,-54.73275171007429,1.3526334009452212,3.2367159631094626
common_voice_22_0_531,0.0,1.6464,utt,-52.5291015625,-51.906540870666504,1.352632972621434,3.997154126752264
common_voice_22_0_784,0.0,1.2690625,utt,-52.88501937746063,-50.753197479248044,1.3520198457792245,21.28895802091038
common_voice_22_0_264,0.0,1.9584,utt,-54.66224390146684,-53.96434241074782,1.3392796214322562,11.084106416437306
common_voice_22_0_1188,0.0,0.5486,utt,-58.13468572443182,-55.346066284179685,1.3384186207953022,8.629740945360615
common_voice_22_0_815,0.0,1.2235625,utt,-52.61910460425205,-53.44873733520508,1.3384183844002102,10.720266412107273
common_voice_22_0_982,0.0,1.3756875,utt,-52.90837650022645,-52.62558981088492,1.3278037392181046,8.546929291153404
common_voice_22_0_870,0.0,1.1203,utt,-59.153512137276785,-58.451445715767996,1.3278018707436732,1.8064269219356532
common_voice_22_0_347,0.0,1.7695,utt,-54.4090693414548,-52.757236862182616,1.3251535169715034,17.250293409052652
common_voice_22_0_1180,0.0,0.3565625,utt,-49.84633043077257,-49.959716796875,1.324413303072926,9.092030758589766
common_voice_22_0_998,0.0,1.159,utt,-53.04043473868534,-51.383968353271484,1.3147083075658912,8.165971690924806
common_voice_22_0_606,0.0,1.4520625,utt,-50.63388671875,-49.31991672515869,1.3147078411620574,9.060742449528957
common_voice_22_0_114,0.0,2.872,utt,-57.17834004790941,-55.20485954284668,1.3139928371328369,11.501960019697991
common_voice_22_0_775,0.0,1.30075,utt,-54.332207782451924,-52.329087018966675,1.3139928371328369,7.382006781423087
common_voice_22_0_805,0.0,1.1905,utt,-59.407813320640756,-58.789866279153266,1.3139928371328369,12.538415406559064
common_voice_22_0_551,0.0,1.4144,utt,-52.12839372783688,-51.26796381097091,1.3139917743848992,6.023169253099573
common_voice_22_0_769,0.0,1.131875,utt,-59.662865562776545,-60.66410123384916,1.3139917743848992,5.66067444374854
common_voice_22_0_909,0.0,1.4190625,utt,-51.778973646566904,-52.01282354501578,1.3139917743848992,12.071846162847562
common_voice_22_0_751,0.0,2.0155,utt,-63.96362062964109,-53.24029493331909,1.3139907116369614,7.930129766317876
common_voice_22_0_1162,0.0,0.6496875,utt,-51.43478064903846,-50.75352532523019,1.3049282855734272,14.850135769387306
common_voice_22_0_896,0.0,1.611875,utt,-68.59471443128882,-58.593165261404856,1.2884046659712842,19.837901240165014
common_voice_22_0_1175,0.0,0.6935625,utt,-55.586850373641305,-54.67769114176432,1.288403919867084,7.592677782066616
common_voice_22_0_1166,0.0,0.6040625,utt,-63.35786539713542,-63.305641174316406,1.288403919867084,11.036660265960377
common_voice_22_0_492,0.0,1.9138,utt,-64.84552417375654,-58.01454105377197,1.288403870126804,16.338596830550493
common_voice_22_0_1128,0.0,1.3586,utt,-72.91839958639706,-62.78943379720052,1.2884030742823238,16.26719344425988
common_voice_22_0_233,0.0,2.63425,utt,-55.388452798241445,-55.04377294469763,1.282463322773889,3.682351367048909
common_voice_22_0_1173,0.0,0.9355625,utt,-65.51972344581117,-52.32589594523112,1.2807204823117515,10.953932730035145
common_voice_22_0_1196,0.0,0.5427,utt,-56.4818431712963,-53.305458068847656,1.2807200175862614,2.759187410532059
common_voice_22_0_949,0.0,1.6966,utt,-67.68178423713235,-56.651932080586754,1.2752706202947603,11.588943866946215
common_voice_22_0_578,0.0,1.37,utt,-55.518372918567515,-53.44404390123155,1.2739653371704294,2.5880281782383143
common_voice_22_0_1077,0.0,1.672875,utt,-66.5624707616018,-53.52628538343642,1.2739653371704294,10.590144939725667
common_voice_22_0_260,0.0,1.8565,utt,-54.39753969254032,-51.58062744140625,1.2739648388705587,1.3696202056468465
common_voice_22_0_1059,0.0,0.7770625,utt,-57.24941155849359,-55.803340911865234,1.2739645897206233,4.677033476345466
common_voice_22_0_1058,0.0,0.7101,utt,-57.688521264304576,-55.89827346801758,1.273964340570688,9.770586602111587
common_voice_22_0_1208,0.0,0.3762,utt,-60.92152163856908,-61.15170415242513,1.2739638422708173,-0.09354338667025708
common_voice_22_0_919,0.0,1.0859,utt,-58.24452139478211,-56.47665868486677,1.2614539101613789,11.091133559190084
common_voice_22_0_984,0.0,1.0306875,utt,-49.77857630461165,-48.74004628108098,1.250613281906459,13.244881856290249
common_voice_22_0_1065,0.0,0.9306875,utt,-65.25457304267474,-55.59042625427246,1.248123423942734,12.214967732495111
common_voice_22_0_536,0.0,1.5886875,utt,-49.43847963345126,-47.64092655181885,1.2481222417289541,9.803954074193417
common_voice_22_0_1110,0.0,0.87,utt,-54.61355064655172,-53.98558129204644,1.2481222417289541,1.1486792549518245
common_voice_22_0_686,0.0,1.3221,utt,-60.13306773792613,-59.69514821370443,1.2388792992569082,5.532458656180555
common_voice_22_0_333,0.0,2.3323,utt,-51.081301971566525,-48.51007782785516,1.2388770745897262,10.483321727344553
common_voice_22_0_724,0.0,1.847,utt,-53.810863597972975,-55.32963943481445,1.2388770745897262,8.704308803693568
common_voice_22_0_352,0.0,1.8538,utt,-52.22520586993243,-50.81705058704723,1.2361727708155086,21.845492644542663
common_voice_22_0_720,0.0,1.6116,utt,-51.443001504270185,-50.95029044151306,1.2343566086402282,12.047478970729259
common_voice_22_0_488,0.0,1.7599,utt,-48.50016091086648,-46.35271883010864,1.2343557519926538,19.17428465550884
common_voice_22_0_848,0.0,1.034,utt,-55.172192619842235,-53.110007731119794,1.2219875238575808,7.110443577057104
common_voice_22_0_1201,0.0,0.3926,utt,-57.56092247596154,-58.096487045288086,1.2196095064755337,14.49746340943075
common_voice_22_0_881,0.0,1.1725625,utt,-51.78311548477564,-48.805968891490586,1.2178866069719323,2.8721519683723624
common_voice_22_0_1141,0.0,0.670875,utt,-56.54358092350746,-55.92939213344029,1.2178866069719323,8.4675690826307
common_voice_22_0_1213,0.0,0.4216,utt,-60.24977329799107,-61.614420572916664,1.2178858272638748,8.19820989463893
common_voice_22_0_1010,0.0,1.0763,utt,-50.61680772569444,-47.82007460160689,1.209749306785729,10.529582685772356
common_voice_22_0_1176,0.0,0.5479,utt,-50.97935458096591,-50.19695472717285,1.209748326564514,11.189658432649104
common_voice_22_0_500,0.0,1.54275,utt,-51.36825601156656,-49.82568588256836,1.2087020965342565,15.721159569891379
common_voice_22_0_850,0.0,1.4058,utt,-52.75684978945036,-48.048316955566406,1.2021893609772065,3.906807987907257
common_voice_22_0_1164,0.0,0.8385,utt,-54.115391322544646,-57.93603733607701,1.1998550024130183,16.346792531506107
common_voice_22_0_752,0.0,1.2728,utt,-49.462648406742126,-48.145111083984375,1.1897372602340712,12.612878511439595
common_voice_22_0_1040,0.0,0.7695625,utt,-57.994521103896105,-57.35399315573952,1.1892790857854352,16.736389632348537
common_voice_22_0_170,0.0,2.269,utt,-52.4836952780837,-51.66822528839111,1.1892781529777674,8.91623722373227
common_voice_22_0_869,0.0,1.03925,utt,-56.38818359375,-56.971674112173226,1.1892781529777674,21.190055585765254
common_voice_22_0_40,0.0,2.66325,utt,-55.570044496005636,-54.937679290771484,1.1892781529777674,8.268489310034195
common_voice_22_0_506,0.0,1.550375,utt,-49.72862588205645,-48.407893074883354,1.1892781529777674,7.534912224514173
common_voice_22_0_1002,0.0,1.8808,utt,-49.515749667553195,-53.64563980102539,1.1878141992960232,12.080581497954384
common_voice_22_0_1189,0.0,0.5046875,utt,-53.2451708984375,-52.52902889251709,1.182202271927619,8.57266911571633
common_voice_22_0_1006,0.0,1.3875,utt,-50.13201157823741,-51.25443903605143,1.182202271927619,14.231294784802877
common_voice_22_0_257,0.0,2.989875,utt,-52.840379389632105,-52.579198360443115,1.182202271927619,17.09208588139842
common_voice_22_0_1070,0.0,1.2586,utt,-55.426347036210316,-52.3543155670166,1.182202271927619,5.631688376009066
common_voice_22_0_971,0.0,1.01625,utt,-48.937629250919116,-47.790361577814274,1.1822017405536502,12.512257064485814
common_voice_22_0_307,0.0,2.5216875,utt,-49.87896437872024,-48.15461621965681,1.1822012091796814,12.955510290496703
common_voice_22_0_82,0.0,4.13,utt,-47.9416758096247,-49.56307710920061,1.1800215361999253,15.262837863399353
common_voice_22_0_854,0.0,1.0746,utt,-49.952472437207945,-47.616107353797325,1.1800215361999253,8.308670708834374
common_voice_22_0_1171,0.0,0.498375,utt,-58.0240576171875,-57.87675793965658,1.1800206019627095,3.5903953313067003
common_voice_22_0_1169,0.0,1.4043,utt,-67.66616908482143,-51.34706551688058,1.1800206019627095,13.395178004407713
common_voice_22_0_922,0.0,1.1216875,utt,-55.53338187081473,-54.23061425345285,1.1800206019627095,7.8155712470678775
common_voice_22_0_1122,0.0,0.6879,utt,-56.6818458446558,-54.97852325439453,1.1548823645523643,9.595591136455283
common_voice_22_0_840,0.0,1.1808,utt,-50.722143140889834,-48.80881118774414,1.1548823645523643,11.549948924973798
common_voice_22_0_313,0.0,2.67275,utt,-56.40652065777154,-59.041299737018086,1.1548823645523643,16.068565816681833
common_voice_22_0_1108,0.0,0.775875,utt,-48.5211432041266,-47.893866539001465,1.1470397613116314,14.091078861258737
common_voice_22_0_908,0.0,1.0723,utt,-54.44724737149533,-54.175872109153055,1.1470397613116314,10.298158466825136
common_voice_22_0_1126,0.0,0.6052,utt,-56.887739337858605,-56.732103620256694,1.1470390313322032,1.8061802237010998
common_voice_22_0_1097,0.0,0.7918,utt,-55.527875296677216,-54.37287945217557,1.1470390313322032,13.314460830151189
common_voice_22_0_1202,0.0,0.840375,utt,-51.592261904761905,-52.45486958821615,1.1470390313322032,6.813265978950444
common_voice_22_0_1147,0.0,0.6623,utt,-54.883870442708336,-53.82102911812918,1.1470387880057271,7.246028173627344
common_voice_22_0_1197,0.0,0.69225,utt,-54.732471410778984,-54.96044731140137,1.1470387880057271,10.198917832990974
common_voice_22_0_1151,0.0,0.8156,utt,-81.14406678734755,-61.50167655944824,1.147037814699823,13.404011172427492
common_voice_22_0_1156,0.0,1.611875,utt,-54.30310437694099,-58.557977948869976,1.147037814699823,7.303262324105827
common_voice_22_0_406,0.0,1.8526875,utt,-52.38051097972973,-50.64699571029,1.1390728263503689,9.813214034977332
common_voice_22_0_459,0.0,1.6531875,utt,-51.66455965909091,-49.747375297546384,1.1390728263503689,15.359734307907544
common_voice_22_0_663,0.0,1.3395625,utt,-58.88149341184702,-57.18528069390191,1.1390728263503689,3.0906697061526742
common_voice_22_0_594,0.0,1.4219,utt,-50.51965160101232,-47.75007348311575,1.1390718530444646,8.633737732446985
common_voice_22_0_776,0.0,1.1641875,utt,-53.62979020743534,-52.912524700164795,1.1390708797385605,14.75910690353493
common_voice_22_0_156,0.0,3.12625,utt,-53.197889626597444,-54.182737562391495,1.1390689331267518,11.14790097525517
common_voice_22_0_468,0.0,1.482875,utt,-53.80937895903716,-53.13723278045654,1.1367537558219263,2.793304411284236
common_voice_22_0_619,0.0,1.3981,utt,-56.69621233258928,-54.399799558851456,1.1319885657352715,7.273707152651635
common_voice_22_0_520,0.0,1.3766,utt,-50.9804298290308,-50.76996331465872,1.1319885657352715,11.762087727705508
common_voice_22_0_729,0.0,1.0696,utt,-56.698182863609816,-54.86888068062918,1.1319862013077122,3.4775966028170124
common_voice_22_0_433,0.0,1.5110625,utt,-51.421509597475165,-49.33978226071312,1.1149660796349785,14.14393542755214
common_voice_22_0_1129,0.0,0.8005625,utt,-57.764434814453125,-56.95407581329346,1.1149660796349785,0.8383005363573837
common_voice_22_0_1102,0.0,1.238875,utt,-51.08102318548387,-48.69137001037598,1.0952589297282829,11.820860093180167
common_voice_22_0_1011,0.0,0.89075,utt,-53.133860384480336,-52.77693765813654,1.0952589297282829,14.570573719938528
common_voice_22_0_928,0.0,0.8854,utt,-45.54148196102528,-44.29114444439228,1.0952589297282829,7.087617853020486
common_voice_22_0_274,0.0,1.7281,utt,-54.09569183526011,-53.02159754435221,1.0952589297282829,-2.558749142232916
common_voice_22_0_677,0.0,1.3276,utt,-49.58513715930451,-48.359962463378906,1.0952589297282829,5.35482903916844
common_voice_22_0_1035,0.0,0.958375,utt,-58.231913248697914,-54.57266006469727,1.0952584075765102,6.016930913061781
common_voice_22_0_746,0.0,1.0881875,utt,-53.76077802465596,-49.96887893676758,1.0952578854247375,4.767520122673238
common_voice_22_0_471,0.0,1.6201,utt,-54.95959321952161,-55.000992825156764,1.0952578854247375,14.661023405291974
common_voice_22_0_968,0.0,0.9556,utt,-50.73556009928385,-49.22287091341886,1.0952578854247375,11.041101704335704
common_voice_22_0_359,0.0,1.8150625,utt,-59.55694110576923,-57.76415530118075,1.095256841121192,2.669424103162587
common_voice_22_0_1132,0.0,1.2346,utt,-54.44053290142276,-51.92655801773071,1.095256841121192,11.376307122889411
common_voice_22_0_1087,0.0,0.7926,utt,-54.21962148931962,-52.93889024522569,1.095256841121192,5.544043652790947
common_voice_22_0_802,0.0,1.147875,utt,-52.41355298913044,-51.536764526367186,1.092606046041082,8.689587607757995
common_voice_22_0_898,0.0,1.4360625,utt,-53.10106743706597,-56.64751170231746,1.092605065819867,10.592990475102276
common_voice_22_0_534,0.0,1.3251875,utt,-52.639652108787594,-50.539326985677086,1.092605065819867,13.175317159918823
common_voice_22_0_419,0.0,1.70425,utt,-53.949850643382355,-52.9376490910848,1.0842429951350874,15.119604650770867
common_voice_22_0_780,0.0,1.151,utt,-50.39269276494565,-49.240464274088545,1.0842410070166129,11.798263568927599
common_voice_22_0_1158,0.0,0.5575625,utt,-56.40506853376116,-55.57163674490793,1.0674320980940293,9.096265589693694
common_voice_22_0_1029,0.0,1.8556,utt,-48.384534610215056,-49.71545479514382,1.066860094784039,17.41029415490835
common_voice_22_0_685,0.0,1.2031,utt,-56.634297688802086,-55.643079376220705,1.0668595964841683,4.27907971650235
common_voice_22_0_1183,0.0,1.4196,utt,-52.584115041813384,-51.200069427490234,1.0518696589828804,13.276490040207666
common_voice_22_0_1015,0.0,1.233875,utt,-51.46857533028455,-49.03455352783203,1.0314020969933337,7.6388293624861525
common_voice_22_0_811,0.0,1.0365,utt,-59.07439246544471,-56.58642603556315,1.0213628309180904,9.451705749177279
common_voice_22_0_587,0.0,1.5070625,utt,-58.52138736548013,-57.45589402142693,1.02136064234577,5.165640776812472
common_voice_22_0_755,0.0,1.21825,utt,-56.659944127817624,-56.804011821746826,1.0211345656411943,17.66043874784367
common_voice_22_0_1094,0.0,0.7210625,utt,-61.081149631076386,-59.495763566758896,1.0072018919739483,4.285982407821161
common_voice_22_0_829,0.0,1.33275,utt,-50.85758341165413,-49.284506116594585,1.0071998033668574,6.172889124758093
common_voice_22_0_1014,0.0,0.9653,utt,-51.26937520135309,-50.0028322393244,1.001710058298413,6.592562878675199
common_voice_22_0_978,0.0,1.3136875,utt,-57.02787675930343,-55.74388914841872,1.0017098250964962,8.95227668689614
common_voice_22_0_987,0.0,1.3802,utt,-64.46834663722827,-53.44327704111735,0.9900545388884211,18.522845524261168
common_voice_22_0_1148,0.0,0.542875,utt,-65.22866030092592,-62.34714889526367,0.9573928146880997,2.0438308891120887
common_voice_22_0_846,0.0,1.1574,utt,-50.38399952855603,-49.775386555989584,0.9395610277699664,11.573374504174275
common_voice_22_0_425,0.0,2.3263,utt,-49.72151203728541,-51.123280906677245,0.9395602803201604,15.697723579255655
common_voice_22_0_1119,0.0,1.5640625,utt,-46.25821314102564,-51.295244216918945,0.9364093388409775,14.509662430210486
common_voice_22_0_355,0.0,1.6715625,utt,-52.82679757672156,-52.87179781043011,0.8825702380736352,16.934731495383225
common_voice_22_0_871,0.0,1.3521875,utt,-52.31592158564815,-51.45590679462139,0.8751273953817452,8.975837206185005
common_voice_22_0_1099,0.0,0.8562,utt,-51.10598541969477,-49.2224964565701,0.8751270055277165,10.558828722633772
common_voice_22_0_1018,0.0,0.9546,utt,-55.52685032894737,-54.37766075134277,0.8751266156736878,10.619103584555077
common_voice_22_0_1181,0.0,0.5209,utt,-60.70872614933894,-57.18391799926758,0.8665429096540637,3.8137220104503857
common_voice_22_0_887,0.0,1.000875,utt,-53.6970263671875,-52.64388384137835,0.8124858700020284,7.840371388616507
common_voice_22_0_821,0.0,1.1736875,utt,-52.43948233840812,-51.08469227382115,0.7448491408790928,5.578618373902611
common_voice_22_0_979,0.0,1.741875,utt,-47.791638604525865,-49.41195297241211,0.6567941917318492,16.198377733657082
